"GDP per capita, current prices (Purchasing power parity; international dollars per capita)",1980,1981,1982,1983,1984,1985,1986,1987,1988,1989,1990,1991,1992,1993,1994,1995,1996,1997,1998,1999,2000,2001,2002,2003,2004,2005,2006,2007,2008,2009,2010,2011,2012,2013,2014,2015,2016,2017,2018,2019,2020,2021,2022,2023,2024,2025
Afghanistan,no data,no data,no data,no data,no data,no data,no data,no data,no data,no data,no data,no data,no data,no data,no data,no data,no data,no data,no data,no data,no data,no data,886.227,942.382,937.636,1044.589,1099.814,1232.621,1272.751,1507.225,1607.598,1694.256,1952.807,2010.117,2119.908,2135.839,2022.679,2102.784,2128.38,2200.539,2072.894,2153.897,2239.876,2329.512,2413.712,2502.139
Albania,2157.741,2447.005,2617.639,2692.366,2786.071,2773.464,2930.535,2920.091,2925.035,3249.096,2979.534,2231.23,2130.653,2405.154,2703.97,3024.994,3381.652,3083.401,3414.84,3935.549,4330.519,4837.702,5152.605,5559.207,6048.929,6615.812,7264.04,7965.456,8796.657,9222.982,9724.481,10207.743,10526.271,10570.982,11259.261,11661.999,12077.602,13088.307,13982.669,14534.109,13651.341,14826.862,15994.139,17013.143,17966.645,18976.671
Algeria,4817.002,5267.253,5765.501,6114.143,6481.329,6734.752,6676.158,6619.203,6527.173,6935.998,7159.802,7136.03,7238.179,7085.848,7014.99,7288.159,7567.176,7653.996,8007.337,8254.767,8604.628,8926.056,9434.834,10149.78,10709.656,11520.72,11889.825,12432.051,12698.063,12754.1,13105.459,13480.048,13263.91,13003.307,12940,11944.989,11543.303,11458.757,11658.67,11728.695,11040.555,11435.373,11734.376,11888.556,12050.854,12219.344
Angola,1223.555,1246.691,1289.604,1360.769,1455.972,1379.59,1407.95,1464.258,1566.377,1584.998,1546.309,1739.588,1924.382,2122.395,2325.781,2544.307,2797.355,2963.679,3046.246,3065.676,3135.865,3242.162,3634.494,3701.619,4094.784,4715.431,5261.302,5980.157,6579.806,6492.129,6686.332,6857.285,7623.612,7948.018,8507.964,7668.513,7449.176,7681.958,7539.905,7383.921,6978.425,7148.457,7274.497,7473.202,7673.14,7815.141
Antigua and Barbuda,4001.414,4583,4918.495,5463.894,6338.636,7158.76,8285.808,9213.236,10187.195,11245.327,12029.366,12603.916,12830.391,13522.198,14360.612,13653.462,14421.71,15047.396,15512.78,15926.446,17012.499,16247.277,16495.36,17629.285,18938.071,20558.32,23621.581,26219.24,26435.89,23162.379,21426.245,21223.826,20392.925,19498.874,19674.14,19456.146,20388.518,20190.631,21777.631,22567.841,18655.044,19674.589,21920.411,23819.503,24901.646,25973.234
Argentina,6179.32,6263.393,6334.132,6732.522,6995.775,6602.519,7125.168,7401.751,7422.124,7084.882,7102.359,8005.126,8909.231,9548.299,10189.821,9983.668,10601.39,11525.04,11968.699,11603.762,11646.257,11262.946,10097.011,11100.751,12299.708,13674.482,15074.207,16708.085,17550.544,16476.516,18061.925,19322.227,19641.353,20131.68,19683.772,20105.199,20307.87,23597.118,23305.845,22997,20369.636,21621.36,22338.439,23032.212,23732.462,24365.446
Armenia,no data,no data,no data,no data,no data,no data,no data,no data,no data,no data,no data,no data,1626.489,1464.992,1615.42,1820.512,1980.429,2102.72,2281.535,2403.308,2609.275,2938.044,3437.68,4006.692,4560.464,5401.846,6320.839,7407.749,8103.603,7033.594,7281.037,7778.182,9093.972,9563.81,9792.081,9753.364,10502.091,11974.031,12947.629,14176.871,13735.479,14536.072,15539.078,16585.089,17701.987,18859.112
Aruba,no data,no data,no data,no data,no data,no data,no data,no data,no data,no data,no data,no data,no data,no data,no data,27879,27632.209,28937.949,29086.569,29507.336,32123.949,31423.805,30797.58,31627.42,34307.131,34892.028,35678.841,37104.948,37596.36,33362.099,32542.016,34073.114,32921.417,33779.872,33605.367,32377.56,31803.509,31956.048,32889.188,33508.081,27169.126,30148.523,31946.522,32899.518,33856.081,34831.578
Australia,10505.589,11785.084,12316.593,12578.244,13687.826,14682.121,15117.888,15996.15,16962.046,18170.446,18873.845,19084.491,19816.094,20884.179,22156.964,22973.445,24085.666,25373.598,26584.87,27853.143,28997.698,30022.676,31404.402,32510.378,34380.569,36047.436,37559.352,39531.341,40489.69,40824.007,41689.481,43090.334,42905.491,46505.965,47018.217,46406.604,48152.486,49795.546,51571.451,52725.75,50844.733,53188.776,55135.053,56818.749,58601.448,60427.369
Austria,11239.438,12265.865,13255.559,14202.815,14762.552,15560.611,16228.439,16886.751,17627.839,18985.956,20416.674,21646.461,22348.254,22754.353,23659.802,24739.285,25761.663,26724.236,27962.227,29317.678,30910.42,31866.382,32743.01,33515.238,35137.275,36793.294,39013.725,41418.609,42705.159,41311.829,42461.303,44469.2,46477.668,47936.694,48813.542,49955.451,52614.374,54531.114,56741.338,58849.546,55406.098,58966.362,60998.255,62997.283,64997.64,67025.411
Azerbaijan,no data,no data,no data,no data,no data,no data,no data,no data,no data,no data,no data,no data,4393.995,3446.082,2786.304,2459.088,2540.009,2786.807,2958.303,3310.773,3560.011,3835.127,4223.394,4696.36,5218.659,6805.743,9311.867,11840.395,13176.118,14288.559,15020.746,14905.289,16062.577,17299.725,17550.596,15026.136,14448.333,14184.792,14612.078,15075.895,14499.03,14932.138,15258.592,15608.853,15984.704,16378.725
"Bahamas, The",12585.747,13126.926,14477.829,15709.225,16302.811,17281.601,17781.302,18580.282,19267.884,20138.641,20762.219,20223.039,19552.509,19734.068,20434.627,21335.112,22260.297,23368.584,24341.666,26032.157,27280.291,28187.721,28984.543,28741.403,29370.256,30899.534,32239.952,33184.242,32658.459,31174.826,31669.742,32170.209,33251.607,32854.003,34116.5,34342.088,35050.611,37211.836,38824.773,39557.404,33807.52,35741.981,37969.31,39770.224,40958.461,41918.475
Bahrain,20801.758,22503.722,24534.478,26379.098,27546.91,27216.309,26947.818,26337.177,27885.944,28254.555,30076.745,30532.742,32907.552,35307.502,36253.002,36745.121,37629.855,38158.356,39407.049,41262.056,43970.07,44400.843,43383.625,43655.909,44512.632,45417.764,46104.29,47378.634,48197.941,46760.506,47111.85,50673.371,54489.154,54035.418,51938.108,45626.703,44833.968,49085.528,50155.244,51891.506,49057.481,50264.778,51575.128,52945.084,54499.301,56267.502
Bangladesh,494.017,555.718,592.907,627.666,659.736,687.487,709.97,729.092,752.731,795.262,842.051,886.091,928.71,970.529,1014.17,1062.199,1112.386,1167.323,1215.363,1274.862,1351.219,1422.389,1489.72,1579.896,1696.554,1834.96,1995.836,2159.368,2299.029,2414.663,2562.299,2754.038,3062.845,3251.752,3499.974,3724.263,4028.604,4354.429,4766.915,5216.803,5138.581,5752.239,6188.436,6691.204,7241.921,7837.634
Barbados,6007.117,6427.933,6471.208,6740.291,7215.782,7504.393,8020.451,8403.871,8972.838,9625.668,9622.4,9526.909,9156.765,9416.202,9775.201,10145.814,10701.669,11359.391,11872.232,12039.236,12812.378,12743.834,13009.754,13500.274,14015.867,14975.115,16241.837,16976.829,17354.298,16530.412,16276.22,16443.726,15425.321,15432.539,15252.103,15571.249,15996.873,15817.713,16062.311,16291.664,14568.188,15951.431,16828.671,17404.764,18018.248,18661.573
Belarus,no data,no data,no data,no data,no data,no data,no data,no data,no data,no data,5263.051,5373.126,4957.308,4678.546,4224.317,3854.054,4047.478,4610.297,5079.927,5339.919,5790.52,6217.683,6672.87,7326.577,8443.677,9593.496,10947.659,12278.896,13854.083,14023.683,15309.124,16529.385,18070.541,18952.467,18968.943,18057.638,17732.348,18267.244,19321.345,19942.331,19758.647,20744.331,21636.641,22340.26,23036.239,23908.269
Belgium,10780.847,11758.003,12569.973,13098.438,13912.854,14583.019,15145.962,15869.153,17185.645,18382.436,19628.827,20583.585,21300.248,21495.82,22590.786,23544.701,24262.713,25549.018,26286.501,27552.637,29143.201,30038.584,30895.205,31653.936,33535.521,35215.444,36975.222,39092.606,39722.104,38901.795,40157.982,41082.422,42409.301,43755.157,45043.18,46365.188,48696.205,50829.933,52607.441,54028.794,50114.205,53804.814,55983.432,58020.696,59903.595,61683.013
Belize,1377.42,1507.954,1453.157,1558.053,1749.416,1730.971,1841.107,2242.629,2523.548,2950.808,3308.905,3714.754,4151.51,4384.387,4357.084,4364.236,4395.438,4470.86,4520.706,4894.687,5505.079,5743.709,5959.487,6469.202,6784.38,6950.998,7314.184,7353.908,7554.022,7429.306,7564.524,7642.077,7213.285,7144.129,7059.995,7099.231,6997.72,6886.896,7014.915,6819.227,5695.114,6145.267,6438.55,6619.504,6746.298,6878.548
Benin,985.968,1063.194,1113.655,1098.405,1107.704,1154.014,1172.064,1140.745,1183.111,1160.184,1271.436,1324.489,1347.054,1409.241,1418.955,1486.51,1530.289,1596.85,1629.847,1675.25,1759.72,1837.801,1895.003,1936.882,2015.637,2052.522,2135.261,2258.494,2347.921,2353.634,2364.117,2416.334,2498.52,2669.726,2833.448,2886.832,3004.745,3044.381,3235.056,3422.51,3443.3,3593.96,3806.089,4033.478,4278.308,4540.545
Bhutan,475.645,576.054,645.038,703.309,765.269,800.973,854.752,1017.343,1174.526,1264.384,1415.019,1537.368,1626.439,1747.92,1850.042,2014.323,2156.74,2280.015,2384.716,2519.804,2681.495,2847.391,3077.62,3366.331,3629.338,3921.261,4251.74,4867.447,5439.096,5727.858,6266.929,6943.475,7599.81,7894.249,8382.376,9295.718,10129.569,10918.792,11466.847,11968.249,12057.565,12117.513,12891.724,13864.407,15092.778,16110.882
Bolivia,2072.068,2101.363,2099.493,2050.721,2077.098,2063.79,2009.207,2066.485,2156.587,2278.521,2422.799,2582.74,2630.192,2729.451,2836.766,2972.502,3097.249,3242.295,3377.019,3374.626,3470.084,3539.325,3617.847,3717.463,3907.094,4134.233,4387.731,4632.349,4930.075,5050.833,5235.017,5533.243,6001.991,6604.731,7039.772,7116.485,7489.875,8406.743,8841.137,9064.103,8342.242,8872.52,9281.102,9683.744,10084.596,10506.669
Bosnia and Herzegovina,no data,no data,no data,no data,no data,no data,no data,no data,no data,no data,no data,no data,no data,no data,no data,no data,3031.255,3815.571,4396.23,4924.592,5247.082,5482.975,5844.949,6181.555,6739.797,7238.313,7877.602,8586.571,9262.916,9301.99,9564.505,9971.438,10292.31,11003.757,11410.811,12013.848,13069.486,13836.658,14828.094,15603.618,14894.613,16063.237,17070.975,18044.186,19127.315,20265.94
Botswana,1892.656,2200,2610.331,2898.262,3084.572,3305.058,3532.05,4011.153,4944.471,5189.404,5645.923,6021.481,5972.388,6186.448,6105.218,6506.407,6847.432,7357.726,7339.317,8011.08,8211.589,8287.645,8812.941,9278.772,9669.607,10294.855,11340.974,12435.689,13280.947,12191.289,13220.285,14003.012,13266.773,14251.861,15699.802,14924.493,16567.545,16601.827,17441.004,17948.68,16152.655,17622.997,18377.335,19120.207,19913.099,20754.423
Brazil,4817.188,4930.733,5152.984,5062.878,5408.597,5897.099,6341.153,6603.718,6729.604,7091.067,6843.679,7028.213,7039.027,7422.489,7860.568,8250.941,8342.747,8639.157,8631.408,8665.36,9114.217,9312.633,9623.739,9793.102,10510.545,11056.419,11711.223,12622.458,13383.877,13331.377,14359.919,15109.717,15120.059,15669.155,15800.05,14816.27,14326.073,14592.081,15016.535,15336.836,14562.827,15207.676,15733.611,16282.003,16866.078,17486.087
Brunei Darussalam,no data,no data,no data,no data,no data,55688.734,54157.953,53884.433,53833.868,56040.97,57122.495,59257.368,61895.949,62089.456,63643.856,66422.571,67886.241,66414.265,65102.387,66469.443,68193.888,69871.998,71293.189,73571.163,73800.71,76650.247,81096.879,82136.194,80982.202,79040.403,80659.868,84000.908,88311.695,84019.147,81806.01,62921.9,56638.26,60280.819,59960.216,61032.836,61815.986,65084.725,68525.341,71205.355,73819.773,76480.005
Bulgaria,5344.324,6141.808,6775.707,7234.153,7826.179,8213.141,8825.32,9481.326,10078.162,10466.747,9932.943,9242.306,8746.868,8005.758,7971.106,8099.19,7664.019,6741.406,7159.428,6693.016,7097.26,7776.335,8417.937,9067.447,9962.77,11068.294,12241.507,13463.091,14624.677,14312.274,14675.73,15706.296,16289.173,16626.266,17608.515,18404.104,20082.695,21525.919,22884.876,24246.999,23741.054,25412.918,26983.924,28523.23,30150.697,31823.213
Burkina Faso,376.154,412.874,433.773,434.271,445.587,498.604,535.066,532.934,568.6,587.874,590.291,648.024,646.684,666.61,671.238,704.865,775.102,815.261,860.233,910.582,921.941,976.159,1005.431,1072.468,1117.465,1215.57,1291.484,1339.74,1401.956,1411.127,1502.103,1586.572,1619.4,1683.107,1692.304,1713.519,1893.696,2053.505,2182.749,2281.734,2202.824,2272.956,2372.739,2477.928,2589.428,2708.202
Burundi,314.08,374.635,382.385,400.391,403.654,452.24,462.776,486.073,513.486,525.422,547.881,582.097,584.715,562.213,542.822,500.928,460.809,463.089,481.99,480.234,485.16,489.374,493.993,503.569,520.973,558.123,588.489,606.95,628.109,636.04,655.448,675.193,684.554,770.625,809.588,878.664,832.222,808.322,816.803,821.43,782.525,800.809,807.325,815.118,825.225,838.174
Cabo Verde,782.465,914.723,980.582,1093.602,1151.32,1263.435,1298.577,1359.559,1461.016,1570.526,1604.078,1642.705,1690.337,1812.882,1986.451,2124.179,2252.039,2409.083,2583.261,2869.738,3083.479,3279.406,3442.178,3703.269,3926.188,4221.391,4684.24,5192.553,5584.919,5497.408,5582.157,5858.663,5719.815,5699.689,5658.96,5902.507,6224.348,6535.051,7028.869,7470.816,6980.121,7366.227,7763.136,8259.591,8817.747,9435.159
Cambodia,no data,no data,no data,no data,no data,no data,no data,516.019,569.069,593.094,602.464,647.505,684.44,703.637,745.915,781.685,818.513,842.784,870.077,971.9,1065.393,1158.306,1230.681,1336.495,1489.633,1712.592,1925.829,2149.049,2305.049,2291.157,2418.334,2599.939,2868.826,3045.658,3186.276,3388.833,3674.174,3924.901,4258.052,4570.843,4441.016,4774.011,5138.234,5533.241,5964.961,6405.262
Cameroon,1172.62,1459.965,1621.774,1752.658,1900.469,2064.472,2188.692,2133.735,1977.272,1959.015,1849.525,1785.116,1717.763,1653.096,1598.602,1640.13,1704.474,1776.271,1832.878,1882.175,1938.349,2011.076,2071.454,2146.191,2289.319,2342.728,2429.07,2545.333,2612.225,2616.744,2671.061,2770.202,2859.124,3013.973,3204.873,3287.455,3439.753,3596.796,3739.299,3856.376,3709.8,3826.421,3962.99,4125.853,4322.8,4532.988
Canada,11811.175,13212.081,13419.73,14165.181,15397.141,16484.219,17009.216,17912.794,19106.392,19969.62,20437.593,20425.824,20828.585,21639.361,22848.657,23708.184,24278.61,25497.628,26561.307,28109.07,29948.823,30827.612,31912.903,32782.558,34380.257,36242.955,37940.238,39380.061,40120.824,38797.825,40013.186,41716.377,42351.123,44360.366,45811.988,44702.516,46554.186,48702.148,50185.742,51190.127,47568.773,50595.885,52680.866,54365.05,55835.213,57305.772
Central African Republic,441.695,530.053,529.356,504.528,561.08,584.452,617.831,620.062,640.232,676.882,696.834,698.633,663.522,655.139,735.486,756.933,707.225,732.673,749.601,766.734,741.513,763.749,778.77,762.758,769.682,803.037,851.367,892.914,916.614,931.512,967.042,1012.657,1102.13,738.466,720.351,787.043,851.014,912.808,955.87,985.154,972.093,1004.553,1052.936,1103.293,1156.283,1211.596
Chad,411.924,393.594,430.553,505.251,537.078,581.645,610.557,628.64,677.774,695.175,720.655,796.635,808.077,784.496,818.202,801.796,806.058,837.159,874.371,849.932,830.144,912.061,967.138,1087.359,1436.838,1547.157,1549.081,1587.919,1613.79,1638.312,1821.018,1799.697,1735.752,1574.013,1684.135,1820.077,1682.038,1600.064,1626.285,1654.192,1617.775,1703.512,1765.436,1815.01,1866.001,1920.431
Chile,3440.859,3935.015,3552.383,3531.302,3813.726,3950.261,4180.916,4487.816,4900.486,5539.132,5860.067,6407.423,7115.93,7651.787,8086.146,8855.003,9502.205,10244.022,10671.851,10643.346,11326.632,11821.039,12244.414,12846.634,13996.858,15109.324,16383.415,17468.15,18244.404,17895.077,18952.673,20306.149,21447.836,22386.983,22745.764,22682.521,22755.31,23724.93,24807.252,25057.071,23454.953,24720.904,25703.007,26684.951,27673.586,28660.323
"China, People's Republic of",306.703,348.022,396.514,450.543,530.803,612.75,670.233,754.582,855.181,912.249,969.179,1081.052,1248.171,1438.822,1642.116,1840.099,2037.963,2241.18,2420.96,2623.47,2888.721,3176.569,3499.339,3897.912,4383.405,5004.054,5780.737,6747.155,7503.957,8231.85,9163.416,10194.583,11179.474,11962.311,12575.256,13007.476,13525.398,14253.897,15522.153,16708.692,17205.654,18983.492,20394.547,21912.275,23555.718,25306.58
Colombia,2763.077,3025.958,3173.748,3279.146,3438.352,3682.236,3894.344,4118.65,4346.167,4575.846,4851.569,5030.111,5263.452,5589.165,5895.792,6226.654,6367.364,6612.57,6622.168,6354.322,6587.475,6758.031,6949.16,7264.15,7761.286,8277.9,8992.862,9739.781,10134.342,10206.729,10663.907,11507.75,11888.044,12558.793,13113.575,13078.015,13787.106,14202.942,14747.583,15334.101,14136.844,14884.117,15561.742,16306.347,17103.353,17929.935
Comoros,913.256,1028.597,1109.465,1161.285,1240.975,1276.358,1289.019,1307.694,1378.314,1375.416,1489.802,1493.259,1605.042,1649.194,1583.195,1671.79,1658.152,1724.261,1707.545,1742.27,1727.203,1822.363,1896.252,1928.458,1992.995,2120.299,2091.556,2110.795,2180.45,2210.24,2260.601,2341.013,2510.017,2628.368,2700.604,2684.323,2826.352,2980.06,3078.857,3108.118,3013.655,3087.288,3178.227,3279.912,3391.026,3513.382
"Congo, Dem. Rep. of the",771.321,825.044,844.181,861.192,905.609,908.604,939.64,957.018,963.573,957.148,898.11,822.914,729.541,625.597,580.54,589.628,574.242,527.211,502.437,480.697,438.31,426.097,418.886,422.456,434.077,445.219,467.761,494.287,518.491,520.609,546.601,577.936,580.689,655.926,742.432,793.837,847.647,935.039,983.663,1014.642,977.515,1004.763,1037.144,1069.397,1108.659,1144.236
"Congo, Republic of ",1928.418,2101.154,2216.331,2287.616,2353.804,2411.1,2441.883,2483.836,3040.903,3606.193,3665.264,3802.305,3952.728,3999.62,3929.533,4069.271,4184.025,4110.677,4418.516,4212.176,4695.051,4455.253,4458.854,4451.202,4450.754,4889.879,5307.515,4965.492,5250.05,5761.657,6251.383,6363.661,7436.64,7123.201,6959.386,5444.904,4484.127,4986.526,4661.515,4600.225,4232.965,4186.239,4237.724,4319.217,4363.534,4441.354
Costa Rica,3583.977,3721.03,3556.493,3693.623,4016.981,4051.558,4234.497,4420.801,4608.261,4930.947,5171.838,5343.205,5837.451,6235.697,6461.988,6676.997,6700.274,7014.298,7403.841,7622.481,8149.954,8307.18,8566.784,8954.775,9443.457,9962.334,10843.587,11873.073,12483.574,12274.814,12790.715,13446.803,14136.958,14679.179,15631.989,16575.654,17972.093,19049.065,19802.495,20360.91,19309.327,19977.944,20804.419,21588.866,22446.555,23371.347
Croatia,no data,no data,no data,no data,no data,no data,no data,no data,no data,no data,no data,no data,8221.253,7919.656,8755.142,9684.619,10345.584,11031.881,11543.024,11465.152,12641.111,13586.432,14507.512,15606.695,16193.463,17406.427,18838.556,20381.714,21153.284,19768.165,19748.411,20741.619,21134.14,21767.622,22064.035,23011.435,24873.997,26697.451,28322.39,29827.604,27681.323,30222.178,32358.712,34337.943,36333.737,38042.061
Cyprus,5920.996,6595.922,7360.3,7950.686,8844.831,9446.346,9865.065,10713.307,11888.938,13161.37,14363.349,14569.198,15877.648,15970.189,16916.521,18796.977,19056.681,19599.283,20753.924,21858.52,23418.399,24626.25,25653.215,26507.922,28226.657,30095.122,31989.886,33890.324,34960.06,33624.279,33760.647,33755.233,31905.778,30236.855,29850.189,31747.017,35745.166,38124.788,40180.376,41656.486,39078.525,41364.056,43135.244,44953.353,46505.876,48057.454
Czech Republic,no data,no data,no data,no data,no data,no data,no data,no data,no data,no data,no data,no data,no data,no data,no data,14174.618,15104.59,15303.513,15435.579,15889.863,16913.961,17891.082,18515.259,19551.287,21038.657,23118.144,25368.033,27418.366,28455.037,27120.678,28007.231,29027.244,29269.604,30812.679,32542.452,33933.429,36136.77,39031.087,41118.321,42669.917,40293.28,43143.59,45682.007,48266.996,50635.424,52915.899
Côte d'Ivoire,2588.113,2866.673,2936.16,2830.927,2796.244,2877.177,2959.741,2905.177,3013.802,3098.363,3054.498,3037.267,2981.328,2772.585,2754.116,2884.725,3088.956,3237.857,3348.682,3364.507,3283.203,3274.154,3187.611,3121.503,3162.791,3233.37,3296.024,3357.027,3420.412,3468.373,3488.872,3302.872,3562.747,3833.793,4236.545,4557.772,4628.93,4729.649,5041.159,5327.028,5360.108,5670.756,5989.34,6331.475,6697.595,7088.041
Denmark,11883.101,12916.874,14232.896,15181.921,16399.822,17599.542,18814.65,19296.876,19958.432,20871.974,21947.863,22957.678,23868.342,24348.48,26112.861,27367.361,28485.216,29784.343,30671.406,31918.858,33751.157,34650.402,35236.95,35929.308,37781.731,39769.319,42449.751,43827.287,44218.389,42095.783,43199.113,44482.796,44892.724,46829.474,48039.691,49264.513,52159.798,55220.165,57572.397,59719.02,57781.365,61007.69,63503.915,65808.635,68045.571,70345.197
Djibouti,no data,no data,no data,no data,no data,no data,no data,no data,no data,no data,3460.268,3324.783,3326.522,3088.958,3027.24,2901.878,2767.241,2704.997,2663.967,2705.571,2709.903,2742.207,2797.36,2860.017,2936.399,3037.022,3190.57,3346.926,3511.781,3497.811,3584.951,3819.785,3865.855,3967.32,4103.688,4329.998,4392.278,4519.789,4880.779,5194.958,5073.555,5397.507,5691.253,6002.949,6308.176,6631.843
Dominica,no data,2045.923,2270.168,2428.116,2630.774,2762.482,3028.322,3310.87,3708.896,3860.835,4237.604,4455.942,4649.628,4862.3,4967.4,5224.799,5485.212,5701.263,5982.52,6089.932,6371.192,6506.294,6426.815,6966.997,7378.048,7663.205,8268.796,9036.828,9875.588,9841.45,10030.19,10224.054,9977.097,10261.366,11036.561,11211.811,12029.567,11500.723,11839.592,13061.508,12082.617,12753.274,13398.578,14054.936,14574.773,15082.923
Dominican Republic,2431.95,2713.834,2863.702,3041.459,3115.731,3071.463,3165.847,3486.59,3601.491,3822.753,3676.419,3770.921,4212.435,4545.987,4682.125,4968.224,5275.758,5751.934,6109.017,6466.996,6819.313,7043.653,7377.481,7313.685,7605.714,8476.29,9425.414,10280.116,10693.392,10760.273,11670.976,12157.893,12207.744,12818.364,13859.072,15186.042,16625.846,17301.383,18774.82,19897.824,18782.718,19767.069,20910.029,22138.639,23447.419,24861.728
Ecuador,3246.899,3589.671,3750.745,3685.457,3872.983,4062.827,4164.305,3912.954,4362.034,4436.403,4631.359,4919.065,5097.81,5209.583,5435.338,5567.629,5669.708,5922.618,6092.77,5802.444,5908.759,6141.974,6356.346,6537.802,7140.546,7656.826,8092.429,8342.249,8883.963,8840.18,9089.631,9842.963,10280.264,11106.117,11657.901,11014.886,11009.159,11623.715,11881.732,11928.959,10617.162,11210.718,11395.967,11638.42,11933.747,12272.923
Egypt,2185.506,2377.322,2636.326,2903.525,3161.812,3405.549,3547.531,3709.111,3913.085,4097.689,4311.928,4459.121,4481.642,4576.197,4774.488,4978.222,5208.195,5490.223,5853.914,6170.418,6502.52,6742.356,6929.255,7133.37,7482.131,7900.572,8516.061,9186.528,9821.882,10130.29,10529.378,10694.412,11620.118,11726.031,11350.945,11957.706,11616.339,11158.252,11797.896,12390.919,12718.987,13057.757,13635.921,14288.867,14988.243,15769.554
El Salvador,2139.346,2182.935,2154.739,2260.036,2358.298,2428.476,2457.017,2550.169,2652.39,2739.564,2928.52,3031.327,3272.592,3497.201,3691.357,3900.444,3961.175,4115.054,4233.891,4352.477,4466.944,4574.605,4692.628,4828.572,4978.052,5247.405,5615.689,5848.436,6063.24,5956.999,6127.283,6465.809,6541.216,6877.154,7233.191,7597.685,8038.622,8454.05,8822.32,9146.575,8401.06,8889.518,9290.852,9675.834,10061.148,10436.304
Equatorial Guinea,350.916,384.105,387.338,390.586,380.225,417.192,396.739,409.192,421.734,420.536,434.022,429.258,565.302,618.228,712.53,888.002,1330.209,3228.293,3916.284,4823.43,9968.489,15653.531,18260.638,20424.008,26208.359,27988.458,29357.247,33197.76,38072.68,37138.056,32707.142,34023.849,37302.871,34530.773,33482.867,23902.973,20353.105,22449.899,20893.709,19290.912,17782.451,17985.258,16910.048,16480.492,16043.513,15546.393
Eritrea,no data,no data,no data,no data,no data,no data,no data,no data,no data,no data,no data,no data,751.001,875.195,1091.1,1147.114,1279.48,1405.005,1441.522,1444.767,1263.511,1355.198,1357.428,1283.824,1279.009,1301.597,1286.577,1304.669,1048.45,1163.459,1284.173,1625.492,1669.213,1506.534,1991.679,1589.081,1700.785,1537.449,1758.922,1835.607,1824.294,1941.475,2015.831,2094.422,2178.339,2266.874
Estonia,no data,no data,no data,no data,no data,no data,no data,no data,no data,no data,no data,no data,no data,7506.358,7716.101,8208.174,8901.41,10353.71,11029.082,11110.438,12446.41,13566.085,14811.651,16330.44,18012.348,20452.771,23256.374,25807.28,25037.389,21628.513,22520.491,24777.486,26190.598,27642.593,29117.974,29397.159,31573.899,33937.436,36139.901,38540.113,37032.823,39543.7,41737.059,43866.734,46073.597,48423.563
Eswatini,1814.57,2062.021,2158.348,2165.691,2225.961,2256.82,2621.249,2829.47,3017.598,3297.463,3632.049,3715.389,3833.256,3966.108,4068.974,4267.964,4416.471,4529.627,4655.474,4816.533,4964.382,5079.639,5336.955,5596.017,5901.65,6393.326,6920.146,7356.577,7506.159,7626.163,7950.179,8239.445,8450.24,8901.401,8995.955,9055.006,8990.193,8738.757,9069.169,9245.313,8955.162,9186.175,9324.208,9484.282,9745.546,10036.872
Ethiopia,306.166,327.239,341.064,370.515,363.099,321.266,348.144,393.41,396.62,397.066,408.798,379.058,341.343,383.009,391.822,411.464,461.755,469.48,442.534,464.469,507.816,541.122,543.399,510.559,570.806,645.952,723.23,809.252,902.944,985.05,1084.803,1214.286,1314.853,1408.012,1680.731,1861.838,2097.913,2321.437,2519.961,2724.122,2771.978,2787.966,3041.938,3317.534,3614.525,3916.092
Fiji,2699.398,3057.58,3129.127,3037.527,3392.294,3315.395,3572.191,3383.728,3620.155,4200.743,4573.585,4563.75,4913.134,5119.619,5452.619,5667.352,6001.554,5915.373,6016.153,6586.631,6572.469,6796.059,7074.701,7213.312,7753.697,7837.245,8171.906,8259.761,8463.687,8368.549,8678.483,9055.823,9659.87,10378.816,11357.905,12400.559,12563.271,13316.586,14039.289,14026.355,11175.268,12665.456,13909.342,14787.474,15586.605,16151.689
Finland,9555.077,10557.911,11497.836,12245.941,13019.837,13838.792,14452.304,15290.223,16610.59,18082.267,18722.981,18129.051,17822.556,18030.851,19059.359,20196.621,21245.373,22911.292,24362.184,25734.871,27766.378,29060.718,29944.754,31043.876,33066.832,34931.571,37303.25,40171.808,41090.987,37876.454,39353.035,41015.786,40969.209,41587.16,41835.88,42569.551,44995.383,47544.07,49335.677,50748.171,49333.928,52174.148,54129.261,56053.41,57856.268,59753.596
France,10769.723,11849.117,12823.733,13413.556,14045.019,14654.305,15228.619,15927.301,17183.322,18532.177,19680.445,20463.961,21164.61,21432.792,22330.456,23203.388,23886.266,24788.801,25885.936,27066.4,28580.487,29581.45,30177.166,30776.093,32282.19,33587.176,35199.203,36784.286,37389.826,36398.563,37361.383,38789.621,39036.959,40951.508,41576.105,42289.109,44421.744,46369.701,48260.687,49798.545,45454.192,49123.748,51286.769,53262.729,55171.382,57034.923
Gabon,8872.132,9122.378,9866.126,10232.522,10881.845,11621.456,11356.607,9633.386,10099.969,11854.75,12653.265,13448.43,12926.395,13429.331,13878.367,14511.346,14939.257,15676.999,16004.699,14423.224,14115.063,14375.325,14273.191,14424.9,14613.772,14585.795,14380.961,15245.128,15232.078,14449.326,14965.594,15762.728,15487.112,15234.598,15499.573,14834.214,14490.228,15302.609,15612.96,16272.69,15853.687,16341.506,17067.946,17886.673,18828.998,19831.515
"Gambia, The",1205.854,1124.798,1390.767,1577.516,1450.57,1490.113,1494.901,1512.895,1530.322,1594.012,1679.181,1703.838,1703.718,1710.773,1631.404,1668.883,1697.889,1675.666,1749.874,1831.041,1914.576,2004.667,1908.265,2011.894,2142.753,2091.546,2078.639,2134.518,2244.498,2341.676,2434.89,2215.751,2199.788,2121.486,2027.031,2066.859,2068.743,2072.652,2209.883,2315.808,2238.94,2354.993,2485.151,2628.322,2769.47,2900.275
Georgia,no data,no data,no data,no data,no data,no data,no data,no data,no data,no data,no data,4144.004,2329.363,1724.226,1711.01,1863.207,2174.065,2534.526,2716.932,2897.386,3075.812,3359.021,3640.599,4144.741,4535.09,5151.868,5851.084,6790.772,7136.536,6962.095,7540.893,8322.29,9798.666,10609.666,11583.412,12100.141,12854.714,13595.578,14583.777,15633.818,15142.402,16235.803,17499.779,18849.459,20285.088,21784.631
Germany,11142.727,12187.427,12847.629,13605.804,14553.922,15381.35,16059.256,16695.247,17821.136,19054.156,20505.453,21976.1,22758.511,22942.952,23935.572,24764.928,25374.699,26258.956,27112.314,28030.926,29477.216,30609.034,31007.636,31372.871,32635.943,33946.502,36380.611,38557.944,39797.265,37948.584,40096.555,42541.379,43359.405,44993.528,47011.283,47622.332,50574.374,53254.662,55058.922,56226.224,53571.191,57080.885,59919.576,62151.49,64246.459,66365.721
Ghana,1194.784,1228.88,1171.13,1114.19,1181.947,1270.554,1342.887,1435.067,1547.324,1642.077,1723.795,1824.105,1901.494,1990.677,2054.531,2133.468,2220.566,2332.196,2415.8,2499.12,2456.902,2541.167,2634.774,2752.98,2908.923,3110.258,3312.462,3460.786,3758.32,3908.992,4046.538,4605.212,5120.733,5285.168,5480.807,5143.532,4917.354,5028.024,5357.428,5688.213,5706.513,5979.521,6180.085,6586.386,6845.071,7108.089
Greece,8855.454,9427.698,9839.213,10049.133,10565.871,11120.602,11368.946,11345.913,12212.335,13117.972,13524.527,14202.6,14494.266,14511.108,15032.452,15601.353,16260.93,17216.461,17980.143,18704.72,19820.99,20975.118,22036.428,23686.471,25497.677,26378.062,28621.682,30266.668,30682.6,29496.775,28143.453,26097.872,25190.074,26006.746,26753.925,26810.464,27803.304,29052.564,30401.88,31572.121,29045.1,30984.148,33386.201,35365.894,37032.117,38259.531
Grenada,2160.962,2356.445,2534.321,2638.339,2771.015,2985.341,3261.789,3673.724,3966.81,4329.954,4710.999,4930.88,4963.983,4926.093,5067.041,5242.066,5542.269,5895.912,6654.009,7211.859,7732.862,7725.004,8097.027,9003.64,9161.045,10669.767,10522.057,11430.163,11723.951,10993.39,11024.353,11297.763,11372.409,12141.337,13353.499,14520.188,15438.16,16676.087,17705.637,18476.98,16454.364,17249.373,18369.133,19551.526,20502.007,21373.872
Guatemala,2663.093,2861.068,2857.588,2822.361,2865.697,2865.072,2852.555,2952.37,3097.059,3263.856,3407.395,3544.353,3703.901,3829.785,3955.493,4120.449,4216.886,4366.648,4516.924,4645.821,4758.287,4864.855,5031.769,5136.639,5305.695,5509.869,5858.43,6238.473,6448.655,6397.36,6510.621,6794.129,7017.645,7182.918,7457.752,7849.06,7847.52,7908.46,8192.332,8486.94,8266.744,8608.4,8909.267,9201.353,9489.459,9790.897
Guinea,no data,no data,no data,no data,no data,no data,no data,no data,no data,no data,931.535,935.544,932.054,945.862,954.173,977.727,1006.956,1051.2,1080.83,1119.217,1153.402,1201.322,1262.016,1279.043,1319.128,1372.206,1416.11,1510.609,1562.15,1509.102,1549.721,1628.172,1615.264,1679.892,1673.193,1684.804,1928.237,2252.157,2389.055,2506.308,2515.627,2675.238,2842.625,2971.214,3101.953,3238.635
Guinea-Bissau,562.384,599.93,650.099,639.168,684.285,721.139,713.32,757.133,783.546,821.504,873.593,947.597,977.018,1000.294,1028.787,1068.699,1104.6,1165.397,894.48,1037.5,1049.758,1100.539,1134.548,1128.185,1147.494,1234.159,1277.623,1316.688,1372.52,1385.306,1468.87,1585.903,1512.939,1530.465,1575.757,1873.62,1976.07,2253.422,2333.673,2428.79,2340.166,2410.589,2496.117,2612.804,2737.606,2870.881
Guyana,2471.226,2714.747,2628.048,2424.131,2577.539,2685.356,2754.366,2844.684,2793.859,2794.056,2834.804,3115.937,3433.235,3793.318,4185.479,4464.554,4887.816,5250.837,5198.053,5408.527,5440.329,5676.418,5832.946,5907.054,6164.206,6229.958,6733.923,7380.43,7652.182,7934.583,8355.64,8958.292,10443.668,10998.334,10942.789,11204.623,11268.43,11964.644,12724.596,13604.231,17359.511,19126.404,25132.087,31195.918,32371.47,33282.461
Haiti,1126.992,1224.509,1241.528,1248.36,1273.075,1299.834,1306.044,1308.916,1346.658,1356.009,1372.351,1410.518,1383.116,1319.022,1165.649,1283.244,1336.238,1371.115,1391.85,1425.045,1444.445,1436.103,1430.997,1438.882,1402.405,1448.459,1501.45,1568.069,1586.785,1622.7,1527.769,1621.23,1589.931,1674.512,1719.115,1704.931,1757.384,1763.407,1809.342,1796.99,1728.068,1765.89,1793.737,1824.825,1860.589,1902.182
Honduras,1393.654,1515.639,1539.183,1537.021,1611.715,1680.227,1676.155,1768.151,1859.103,1958.766,1976.702,2050.715,2153.711,2277.084,2231.465,2304.727,2362.307,2451.727,2479.609,2427.922,2591.332,2648.81,2720.276,2824.611,3006.695,3210.348,3443.769,3671.334,3816.843,3674.229,3778.463,3928.268,4032.581,4142.24,4452.583,4823.389,5146.017,5549.407,5790.991,5946.184,5537.869,5837.282,6031.231,6243.621,6480.777,6736.399
Hong Kong SAR,7088.575,8276.236,8903.749,9643.952,10827.648,11107.828,12441.976,14375.951,15938.124,16777.751,17992.265,19447.381,20871.272,22273.057,23643.603,24118.422,25002.62,26525.323,24990.155,25774.284,28057.424,28753.03,29711.695,31011.316,34446.198,37919.637,41411.957,45051.11,46732.859,45717.836,48990.63,51998.781,52082.354,53453.568,54604.905,56266.944,56907.27,59676.476,62233.992,62267.401,58165.2,61274.579,64112.239,66707.443,69470.746,72454.63
Hungary,6339.497,7140.857,7805.322,8187.457,8733.98,9022.725,9380.114,10049.72,10442.14,10976.243,11037.981,10055.883,9969.436,10155.274,10693.298,11209.364,11441.735,12028.175,12663.761,13276.014,14223.729,15160.504,16170.165,17198.96,18559.541,19987.28,21466.89,22121.122,22837.667,21500.061,21932.247,22861.625,23121.003,24458.824,25577.687,26632.944,27654.61,29499.071,31811.031,33991.877,32433.841,34512.275,36604.509,38761.599,40848.604,42816.554
Iceland,10934.214,12349.711,13230.564,13261.34,14134.455,14924.558,16073.006,17735.045,18091.761,18523.615,19298.632,19744.782,19223.355,19735.238,20673.036,20979.647,22304.193,23641.678,25368.483,26451.802,28026.709,29305.193,29635.478,30667.552,33780.101,36657.81,38912.661,42595.027,43195.252,40078.175,39366.339,40839.187,42076.037,44419.207,45955.524,49108.938,53489.462,56376.942,58220.176,58965.051,54482.289,57044.557,58740.698,59911.835,61259.033,63656.536
India,532.628,603.841,648.165,706.068,742.259,787.96,823.719,858.606,953.769,1028.178,1102.555,1128.632,1193.493,1254.835,1340.664,1444.469,1552.269,1612.558,1699.994,1837.018,1918.512,2022.263,2098.764,2269.763,2473.538,2743.708,3041.243,3377.674,3525.323,3799.447,4181.241,4493.667,4861.145,5057.217,5233.869,5464.858,5839.899,6185.993,6652.795,6977.363,6283.57,6917.763,7527.696,8167.98,8854.126,9589.167
Indonesia,1287.674,1487.286,1583.359,1681.128,1837.399,1931.367,2070.946,2217.8,2408.64,2677.547,2969.12,3289.052,3524.978,3832.029,4140.292,4499.951,4884.186,5142.524,4466.18,4514.374,4789.742,5001.799,5234.892,5508.441,5857.781,6294.315,6745.337,7262.468,7842.84,8157.859,8655.818,9213.212,9833.69,10188.332,10398.96,10359.28,10618.699,11073.521,11798.924,12483.041,12345.128,13258.839,14074.207,14935.228,15847.245,16827.481
Iran,6276.039,6045.707,6986.628,7949.893,7143.754,6946.222,6203.508,6388.525,5842.183,6233.752,7452.873,8330.086,8573.731,8758.534,8684.956,8828.199,9410.592,9362.007,9487.738,9494.074,10200.465,10334.088,11399.538,12491.214,13138.072,14029.668,14984.23,16222.034,16319.277,16235.614,17140.33,17796.076,15720.54,15042.907,14704.542,13084.966,13404.133,13923.176,13331.395,12547.468,11963.327,12487.729,12782.323,13083.205,13352.435,13634.075
Iraq,no data,no data,no data,no data,no data,no data,no data,no data,no data,no data,no data,no data,no data,no data,no data,no data,no data,no data,no data,no data,no data,no data,no data,6262.834,9600.831,9807.054,10412.237,10637.444,11461.767,11649.144,12215.761,13075.221,14843.033,15414.282,14027.484,10499.136,10017.812,11091.156,11052.343,11449.893,9952.056,10164.85,10398.662,10841.073,10915.565,10948.207
Ireland,7450.472,8257.297,8804.938,9020.818,9577.497,10041.537,10285.369,10905.322,11680.41,12897.29,14426.849,15074.047,15840.076,16499.622,17786.429,19816.317,21863.259,24373.72,26540.343,29287,31957.074,34103.205,36024.51,37430.702,40127.899,42618.674,44821.171,47229.556,45216.996,42975.815,43919.516,44802.655,46166.851,47749.237,51005.532,68860.079,71338.631,78208.611,86444.359,91958.854,89382.792,94971.028,99840.646,104258.026,108229.313,112200.725
Israel,7158.692,8147.714,8619.647,8997.738,9407.05,9959.555,10359.765,11228.073,11840.989,12268.589,13158.408,13400.826,14179.076,14674.48,15635.382,17039.669,17772.395,18354.778,18879.422,19358.786,20964.694,20956.759,20829.317,21064.025,22293.294,23522.92,25181.616,26949.954,27883.78,27718.606,29066.142,30550.761,31706.227,34166.981,34282.169,35487.697,37815.806,38918.094,40451.966,41785.561,39125.805,41142.174,42970.447,44842.345,46724.203,48618.115
Italy,10907.792,11986.95,12737.307,13349.379,14247.251,15076.926,15794.587,16682.621,17962.061,19259.868,20360.541,21333.337,21966.1,22279.815,23218.908,24340.878,25100.675,25986.127,26741.25,27566.109,29242.143,30446.733,30986.186,31494.135,32560.617,33593.016,35077.31,36415.554,36458.871,34554.01,35401.899,36248.529,36105.283,36148.873,36198.738,36869.825,39897.892,41748.232,43166.919,44160.767,40065.5,43139.241,45099.38,46727.327,48078.503,49466.739
Jamaica,2914.522,3272.637,3521.955,3737.086,3899.922,3927.492,4248.821,4655.294,4599.917,4995.182,5340.786,5531.004,5770.913,5988.604,6176.762,6406.95,6478.651,6419.688,6350.922,6443.644,6578.044,6749,6874.839,7233.141,7499.208,7773.979,8212.12,8524.183,8588.398,8329.26,8276.24,8540.977,8593.326,8889.965,9029.714,9325.923,9793.513,10274.454,10724.112,11018.349,10221.324,10831.411,11444.338,11999.16,12539.255,13057.578
Japan,8948.255,10133.069,11037.843,11792.616,12685.33,13685.879,14349.193,15325.864,16871.332,18312.826,19861.487,21150.986,21739.558,22067.903,22699.881,23750.629,24880.752,25521.29,25449.12,25703.066,26956,27593.642,28004.233,28907.065,30316.006,31775.625,33203.641,34656.626,34962.138,33357.59,35148.789,35775.297,37213.903,39008.48,39227.395,40448.256,39981.515,40871.712,42051.736,43193.858,41636.628,43709.322,45411.237,47010.804,48594.862,50071.12
Jordan,3522.455,4289.91,4609.189,4607.177,4835.367,4732.949,4897.217,4963.148,5044.031,4452.101,4450.776,4471.259,4900.108,4900.372,5010.609,5234.384,5202.465,5386.041,5515.584,5653.531,5922.353,6235.364,6656.888,6903.247,7472.464,8092.643,8741.063,9288.438,9663.723,9729.885,9564.54,9511.743,9301.16,9439.23,9295.184,9575.53,9544.298,10089.53,10317.333,10530.381,10006.95,10461.539,10867.461,11321.614,11841.45,12394.712
Kazakhstan,no data,no data,no data,no data,no data,no data,no data,no data,no data,no data,no data,no data,7066.408,6625.973,6328.007,5977.906,6194.945,6532.285,6581.22,6881.218,7743.174,8990.017,10016.619,11088.519,12377.866,13868.512,15634.622,17287.464,17737.227,17840.347,19086.347,20634.012,21878.29,24325.775,24545.572,23057.074,23653.798,24699.301,25988.235,27291.514,26589.161,27644.217,28965.125,30781.174,31942.207,33166.332
Kenya,991.164,1088.791,1171.895,1194.773,1216.003,1263.666,1336.238,1398.143,1483.682,1559.342,1638.628,1663.798,1632.979,1621.576,1650.192,1708.786,1757.127,1748.243,1768.259,1775.754,1772.343,1833.556,1823.389,1858.243,1942.097,2059.684,2187.987,2333.44,2319.381,2350.308,2517.379,2664.897,2777.333,3042.797,3327.849,3717.458,4025.189,4475.915,4757.704,4984.57,4993.307,5223.034,5512.571,5808.015,6124.255,6463.37
Kiribati,916.857,986.431,1010.521,1045.987,1088.03,1040.551,1045.548,1049.564,1156.887,1136.368,1134.645,1158.017,1182.972,1206.422,1236.106,1243.179,1258.974,1284.004,1364.188,1336.633,1423.663,1408.424,1460.6,1490.24,1478.3,1571.008,1583.272,1623.532,1585.949,1576.537,1546.488,1582.807,1666.903,1744.314,1740.906,1914.749,2007.248,2036.105,2105.066,2155.185,2125.557,2199.618,2243.614,2289.634,2336.882,2386.189
"Korea, Republic of",2171.776,2510.037,2843.067,3300.581,3734.148,4113.525,4625.428,5290.534,6073.921,6691.993,7553.405,8565.315,9207.381,9971.954,11017.469,12206.532,13283.694,14212.673,13537.337,15199.123,16805.708,17870.016,19442.367,20321.075,21865.914,23468.609,25318.396,27367.743,28523.246,28819.823,30984.877,32546.752,33557.124,34244.314,35324.502,37907.502,39567.016,41001.064,43001.287,44573.058,44292.194,46533.639,48812.931,51116.59,53448.889,55810.018
Kosovo,no data,no data,no data,no data,no data,no data,no data,no data,no data,no data,no data,no data,no data,no data,no data,no data,no data,no data,no data,no data,4864.564,5521.2,5456.257,5775.449,5749.134,6080.022,6386.747,7001.273,7366.66,7567.449,7785.873,8272.936,8437.68,8793.248,9082.389,9666.188,10028.427,10486.488,11183.379,11791.184,11016.753,11888.196,12497.387,13154.766,13873.67,14652.396
Kuwait,33634.667,28558.155,26249.423,27445.435,29289.812,27227.94,28479.888,29899.496,26451.001,32958.467,24868.499,23753.655,42536.929,56457.219,50652.129,49090.222,47159.959,46524.67,47436.048,47591.453,51806.047,50941.465,50866.511,57766.469,60767.685,63496.523,66100.233,67358.317,69508.439,64277.472,61763.079,66969.827,72735.933,70727.47,64038.479,43308.023,40844.217,46479.257,46273.874,46017.841,41734.723,41768.776,42694.569,43313.205,43988.103,44697.438
Kyrgyz Republic,no data,no data,no data,no data,no data,no data,no data,no data,no data,no data,no data,no data,2074.989,1817.116,1481.791,1424.531,1529.412,1686.183,1715.243,1775.752,1887.347,2011.847,2024.365,2187.034,2375.283,2415.085,2539.138,2798.607,3044.745,3121.658,3102.508,3319.628,3654.196,4083.205,4325.505,4259.042,4727.851,5094.365,5296.615,5515.665,4824.284,5300.388,5700.665,6056.769,6293.136,6543.554
Lao P.D.R.,541.172,670.359,728.557,760.214,816.203,894.187,930.03,917.755,904.2,1003.828,1070.581,1118.011,1188.74,1252.641,1347.299,1436.085,1527.087,1624.83,1682.03,1744.281,1866.415,1966.643,2101.277,2238.566,2426.807,2634.43,2909.422,3168.561,3424.299,3643.343,3917.279,4251.549,4841.643,5289.476,5873.755,6168.456,6843.568,7255.165,7776.699,8206.501,8220.886,8678.278,9199.121,9772.09,10388.684,11076.036
Latvia,no data,no data,no data,no data,no data,no data,no data,no data,no data,no data,no data,no data,5951.191,5413.924,5739.821,6028.981,6374.842,7135.597,7751.703,8158.602,8872.503,9756.098,10763.991,12000.336,13485.472,15582.845,18139.184,20667.731,20522.866,17972.581,17715.364,19647.394,21181.948,22567.472,23752.734,24723.792,26278.209,28373.887,30546.602,32013.654,30578.822,32945.503,35295.877,37773.697,39916.458,42001.994
Lebanon,6225.29,6837.534,4568.27,5789.879,8614.514,10988.455,10415.532,12425.576,9177.508,5428.593,4742.664,6500.824,6599.037,6849.71,7208.573,7559.866,7826.645,8658.357,9010.866,8936.597,9008.477,9209.838,9231.366,9113.37,9662.104,9954.993,10281.717,11522.573,12818.998,14095.561,14961.727,14669.416,14819.591,14976.781,15029.61,15067.768,15479.82,15987.654,15962.42,15134.477,11562.146,no data,no data,no data,no data,no data
Lesotho,451.408,496.212,542.185,565.612,622.824,648.511,671.692,671.564,729.275,777.279,825.09,881.378,921.17,956.105,999.271,997.954,1074.849,1130.591,1158.481,1192.98,1278.474,1348.279,1390.13,1472.455,1547.161,1643.734,1766.929,1892.216,2076.251,2144.763,2292.575,2457.661,2504.346,2812.698,3048.807,3236.816,3171.347,2888.023,2948.724,3009.771,2886.337,3027.39,3175.405,3311.274,3390.278,3487.425
Liberia,no data,no data,no data,no data,no data,no data,no data,no data,no data,no data,no data,no data,no data,no data,no data,no data,no data,no data,no data,no data,1001.658,1014.372,1050.876,747.23,782.703,832.127,898.437,1002.736,1040.213,1059.594,1100.582,1173.808,1262.866,1442.355,1488.94,1390.368,1490.538,1637.039,1654.638,1600.841,1535.718,1580.808,1633.988,1702.452,1783.093,1870.134
Libya,36300.894,30373.419,31264.836,29710.153,27055.9,28237.127,24579.56,20603.003,20338.629,21672.621,24751.999,28916.372,28128.091,27103.234,27671.397,24228.249,24850.585,24717.101,24453.677,24529.814,25549.594,25259.272,25032.111,28390.381,29957.931,34063.334,36718.631,39476.289,32390.973,31237.638,32167.765,11167.411,23665.799,15877.89,8573.419,7671.709,7996.689,10708.893,12798.804,14174.039,4746.044,8454.141,13200.096,14518.239,14693.205,14877.14
Lithuania,no data,no data,no data,no data,no data,no data,no data,no data,no data,no data,no data,no data,no data,no data,no data,6850.755,7397.751,8209.545,8986.994,9077.468,9704.051,10651.091,11644.21,13217.407,14625.556,16513.353,18567.044,21432.831,22655.742,19663.698,20615.46,22823.938,24645.639,26679.99,28156.224,28823.785,30924.838,33821.011,36239.381,38586.901,38604.76,41288.116,43836.607,46313.369,48569.728,50898.678
Luxembourg,15675.88,17243.816,18484.401,19570.69,21218.486,23070.391,25764.877,27267.599,30356.336,34298.063,37052.632,41058.154,42180.449,44360.662,46363.491,47788.752,48693.066,51806.5,55103.64,59854.779,65409.516,67693.319,70578.918,72368.004,75873.594,79621.634,84834.145,92983.505,92106.778,87018.842,90740.657,93174.539,92685.873,96715.548,102520.811,104975.608,111756.581,113905.411,118003.907,120490.334,112875.123,119760.029,124012.448,127706.139,130818.374,134001.414
Macao SAR,no data,no data,no data,no data,no data,no data,no data,no data,no data,no data,no data,no data,no data,no data,no data,no data,no data,no data,no data,no data,no data,35816.881,39259.437,44032.128,55339.33,58906.966,64865.253,72735.733,75117.183,77694.438,96638.584,118962.051,129400.861,145991.804,142955.859,109014.351,109945.629,120988.483,127837.272,121763.76,58930.534,74013.142,96245.804,120748.396,131483.891,140447.292
Madagascar,1014.914,975.63,990.087,1011.61,1038.895,1055.17,1067.226,1075.139,1117.723,1173.515,1212.975,1141.058,1146.43,1162.87,1151.667,1159.278,1168.872,1194.691,1216.385,1251.887,1295.849,1360.816,1174.411,1274.2,1336.765,1401.926,1478.502,1559.229,1648.503,1550.577,1534.89,1548.329,1530.939,1535.496,1555.829,1546.837,1607.581,1586.398,1655.233,1720.298,1647.154,1693.901,1762.189,1843.459,1929.38,2016.444
Malawi,357.252,360.389,382.382,400.844,422.711,436.298,420.489,411.866,414.177,414.449,437.618,480.586,450.041,502.385,457.086,524.579,576.1,609.443,605.964,619.408,622.489,596.718,594.212,625.85,663.045,692.099,725.927,794.529,847.98,899.693,945.512,983.784,957.191,1026.14,998.44,946.405,956.774,945.343,970.769,1003.658,995.271,1013.501,1067.828,1125.434,1185.083,1247.856
Malaysia,3341.494,3817.222,4186.966,4510.591,4913.427,4867.429,4888.583,5145.297,5714.368,6323.369,6853.696,7644.892,8281.614,9062.957,9837.985,10743.506,11727.81,12482.65,11398.812,11963.808,12960.582,12966.523,13542.852,14251.142,15274.476,16176.88,17364.616,18766.506,19692.636,19206.967,20523.282,21701.738,22963.302,23224.571,24273.001,24074.09,24779.859,25897.244,27475.372,28990.932,27287.377,29686.43,31626.881,33616.281,35642.278,37715.371
Maldives,1601.151,1819.497,2012.851,2106.937,2474.984,2794.493,2981.738,3242.103,3556.71,3937.254,3772.058,3980.786,4215.969,4428.269,4735.885,5095.188,5539.203,6091.581,6625.298,7062.884,7452.91,7711.554,8175.74,10276.797,11019.35,9727.395,12417.892,13469.269,14805.159,13611.169,14526.579,15834.725,16435.788,18250.006,20337.738,21931.337,23409.634,24832.009,26731.285,28273.161,22964.749,26015.548,28902.705,31122.257,33279.595,35354.017
Mali,545.105,569.573,524.211,550.656,572.237,597.602,635.427,656.944,670.981,761.184,849.813,928.633,914.718,946.145,976.955,1000.107,1064.007,1105.231,1121.106,1177.274,1170.949,1342.362,1365.426,1472.535,1488.921,1584.573,1654.325,1701.187,1757.457,1795.24,1851.328,1879.903,1813.609,1863.163,1968.42,2089.697,2252.931,2311.345,2415.904,2508.489,2420.998,2498.453,2616.781,2715.796,2821.517,2932.564
Malta,5859.512,6529.764,6898.763,7091.076,7465.797,7820.068,8064.22,8672.959,9525.505,10499.79,11289.292,12036.9,13164.956,13868.468,14669.568,15866.651,16715.745,17687.729,18361.758,19219.113,19335.774,19395.211,20042.28,21104.181,21563.196,22827.26,23969.685,25749.618,27106.78,26800.415,28401.415,29062.601,30423.681,32560.229,34754.607,37922.113,40126.957,43744.503,45588.888,46924.135,43086.539,45516.902,48412.038,51207.01,54287.29,57560.768
Marshall Islands,no data,no data,no data,no data,no data,no data,no data,no data,no data,no data,no data,no data,no data,no data,no data,no data,no data,2121.987,2096.729,2066.765,2125.217,2351.829,2519.584,2510.695,2578.759,2681.293,2765.05,2900.08,2721.122,2791.992,3001.067,3027.007,3000.791,3155.231,3171.635,3240.732,3305.247,3491.018,3690.703,3932.419,3785.762,3804.141,3975.527,4107.807,4236.196,4361.953
Mauritania,no data,no data,no data,no data,no data,no data,no data,no data,no data,no data,2756.876,2773.795,2809.004,2961.062,2850.808,3107.703,3255.54,3089.036,3120.593,3313.638,3162.599,3114.636,3116.025,3297.612,3447.93,3755.098,4723.986,4625.117,4574.254,4494.218,4548.418,4715.713,4754.599,5098.713,4662.137,4585.9,5158.554,5601.833,5727.328,6036.467,5796.963,5913.299,6133.18,6480.241,6798.42,7071.517
Mauritius,1997.991,2281.605,2524.697,2609.533,2803.326,3065.696,3405.949,3816.247,4190.197,4514.213,4984.092,5323.429,5723.549,6084.36,6381.337,6736.314,7169.269,7611.773,8079.438,8303.861,9095.13,9517.859,9757.762,10457.759,11131.006,11575.68,12406.311,13407.996,14353.133,14902.368,15698.528,16653.244,16963.511,17866.307,18484.03,19225.922,20700.777,21415.336,22736.426,23818.571,20718.624,23277.115,25235.814,26774.955,28244.827,29750.916
Mexico,5973.756,6928.097,7147.825,7006.05,7340.541,7572.287,7331.011,7487.255,7696.384,8166.769,8743.812,9247.631,9617.586,9938.035,10470.889,9853.193,10542.565,11281.338,11816.919,12137.137,12835.41,12881.738,12901.957,13151.04,13842.014,14397.259,15275.657,15808.785,16058.619,15101.101,15829.667,16520.259,17162.928,17373.898,18056.793,18305.237,19324.774,19815.99,20506.311,20583.061,18804.461,19695.232,20295.513,20905.984,21551.853,22237.743
"Micronesia, Fed. States of",no data,no data,no data,no data,no data,no data,no data,no data,no data,no data,no data,no data,no data,no data,no data,2058.441,2026.66,1932.11,2002.773,2057.848,2200.869,2302.375,2359.566,2448.656,2442.385,2577.351,2666.005,2698.484,2704.649,2767.805,2878.425,3043.156,3051.186,2994.086,2978.634,3140.632,3203.424,3350.838,3436.478,3535.897,3446.522,3560.543,3641.608,3725.737,3815.552,3909.254
Moldova,no data,no data,no data,no data,no data,no data,no data,no data,no data,no data,no data,no data,4401.268,4463.047,3146.258,3169.862,3047.145,3159.758,2992.281,2936.997,3073.258,3338.945,3665.929,3992.45,4411.887,4904.806,5308.852,5628.23,6194.235,5873.257,6369.391,6882.486,7329.152,8345.09,8789.288,9221.849,10527.014,11547.401,12521.217,13440.458,13252.887,14356.754,15472.221,16711.888,18068.598,19544.056
Mongolia,no data,no data,no data,no data,no data,no data,no data,no data,no data,no data,3607.049,3305.095,3011.438,2957.588,3056.345,3270.234,3355.156,3497.65,3604.157,3715.493,3794.736,4008.978,4229.066,4569.971,5081.062,5516.063,6070.343,6683.047,7220.339,6992.835,7468.777,8781.925,10074.011,10375.299,10850.233,10558.187,10523.746,11083.557,11944.443,12551.329,12259.059,13059.297,13794.648,14514.231,15293.868,16053.613
Montenegro,no data,no data,no data,no data,no data,no data,no data,no data,no data,no data,no data,no data,no data,no data,no data,no data,no data,no data,no data,no data,8277.436,8518.231,8782.701,9132,9772.914,10485.174,11718.159,12832.425,13998.91,13259.574,13751.795,14471.959,13863.936,14870.353,15371.392,16336.11,18197.604,19703.459,21207.89,22347.921,19930.514,21477.313,22762.835,23878.434,25049.017,26288.593
Morocco,1493.522,1549.237,1757.294,1773.848,1873.157,2006.908,2166.06,2113.063,2361.44,2455.03,2639.531,2870.252,2821.287,2815.8,3125.74,2974.384,3355.654,3313.32,3543.665,3584.085,3683.723,3986.095,4120.215,4388.44,4661.327,4900.808,5362.189,5628.626,6001.89,6225.953,6458.374,6854.591,6856.813,7090.594,6793.07,7244.166,7355.973,7583.18,7913.892,8147.747,7608.742,8078.47,8430.788,8812.273,9224.866,9668.66
Mozambique,200.786,225.269,217.599,186.757,178.065,183.614,182.291,214.52,240.758,265.551,274.69,295.495,274.751,299.708,314.293,317.274,348.769,384.341,416.51,460.103,463.542,516.56,557.626,590.406,636.277,680.614,743.5,799.631,850.442,885.876,927.912,989.146,1000.502,1047.826,1100.126,1248.075,1319.972,1245.03,1284.006,1301.686,1279.132,1300.1,1349.523,1453.954,1602.7,1770.749
Myanmar,no data,no data,no data,no data,no data,no data,no data,no data,no data,no data,no data,no data,no data,no data,no data,no data,no data,no data,801.518,869.18,985.731,1119.639,1237.824,1415.435,1664.605,1937.29,2247.866,2580.68,2811.63,2937.768,3106.263,3320.179,3654.072,3897.496,4130.258,4224.239,4141.472,4332.722,4684.948,5041.751,5178.951,5555.865,5969.212,6427.21,6934.842,7491.43
Namibia,no data,no data,no data,no data,no data,no data,no data,no data,no data,no data,4081.692,4263.309,4592.689,4476.399,4570.85,4721.985,4814.038,4944.346,5004.793,5088.211,5316.211,5557.053,5924.547,6142.129,6614.1,7014.338,7379.872,7847.744,8091.007,8055.984,8514.331,8999.744,9511.583,9948.559,10641.534,10894.339,10601.934,10264.529,10387.504,10279.138,9537.314,9798.746,10040.458,10249.555,10421.135,10600.256
Nauru,no data,no data,no data,no data,no data,no data,no data,no data,no data,no data,no data,no data,no data,no data,no data,no data,no data,no data,no data,no data,no data,no data,no data,no data,3503.274,3645.35,4433.41,3483.481,4203.134,4543.136,4892.27,5473.584,5983.632,7646.289,9045.652,8973.014,8930.066,8342.686,9199.481,9858.464,9875.053,10023.266,10095.562,10159.607,10210.985,10266.756
Nepal,392.043,454.355,489.173,481.856,535.089,572.735,597.427,609.042,664.087,703.43,744.983,798.103,827.117,855.611,920.945,948.737,993.985,1041.019,1061.478,1103.443,1175.548,1247.788,1249.624,1304.304,1383.468,1457.545,1532.995,1608.393,1721.242,1798.355,1897.781,2001.628,2176.149,2349.625,2593.438,2633.395,2582.944,3099.306,3329.484,3581.082,3585.505,3707.64,3947.342,4174.639,4411.308,4662.454
Netherlands,11720.981,12658.372,13196.328,13901.955,14795.949,15605.163,16331.515,16945.139,18222.598,19664.89,21128.553,22202.856,22888.739,23555.891,24617.32,25692.203,26954.913,28471.81,29968.807,31716.595,33566.331,34830.696,35198.124,35714.643,37252.885,39085.223,41588.936,44252.644,45960.026,44394.481,45269.146,46703.305,47341.62,49314.469,49337.709,50418.735,52440.793,55509.264,57846.71,59693.365,57101.36,60549.879,62688.803,64708.925,66767.413,68923.773
New Zealand,8889.254,9965.901,10801.916,11104.856,12172.123,12587.254,12955.238,13479.073,13903.503,14515.077,15038.979,14820.124,15128.925,16058.044,17262.8,18117.404,18839.183,19487.976,19683.993,20743.51,21949.58,22768.243,23914.772,24989.2,26400.094,27600.814,28871.422,30521.664,30729.681,30757.435,31398.923,32416.962,32748.44,35462.75,37036.745,37050.567,39438.036,41161.254,42813.856,43809.037,41072.352,43290.075,44553.938,45791.526,46965.72,48088.936
Nicaragua,no data,no data,no data,no data,no data,no data,no data,no data,no data,no data,no data,no data,no data,no data,2193.929,2303.864,2427.921,2501.463,2571.731,2737.707,2855.866,2944.513,2953.151,3022.088,3203.178,3376.159,3585.079,3817.85,3973.747,3822.685,3986.944,4196.65,4363.384,4556.328,4897.516,5260.512,5672.494,5995.596,5836.234,5651.147,5439.496,5491.382,5680.818,5838.643,5994.965,6176.332
Niger,705.479,745.446,781.596,754.585,628.844,676.364,710.727,706.348,757.508,770.417,764.538,761.861,768.656,762.929,766.874,775.198,763.143,760.933,816.746,797.66,777.08,821.409,843.945,846.472,840.657,896.351,942.319,961.248,1016.561,1005.374,1062.689,1068.245,1158.669,1127.349,1142.517,1145.344,1148.475,1163.688,1229.808,1276.296,1252.633,1318.464,1458.921,1594.18,1668.984,1739.249
Nigeria,no data,no data,no data,no data,no data,no data,no data,no data,no data,no data,1829.122,1833.258,1868.456,1894.703,1892.347,1919.809,1984.165,2025.581,2047.843,2036.775,2142.879,2277.938,2585.887,2811.928,3108.578,3342.486,3580.555,3843.298,4090.274,4348.397,4765.343,4967.821,5000.032,5225.167,5507.167,5426.346,5234.686,5190.363,5278.839,5352.672,5065.544,5134.327,5225.309,5320.322,5423.755,5532.097
North Macedonia ,no data,no data,no data,no data,no data,no data,no data,no data,no data,no data,no data,no data,5993.684,5648.074,5636.022,5657.286,5789.807,5950.386,6190.886,6524.467,6946.208,6858.297,7051.301,7324.759,7849.851,8458.793,9139.649,9976.919,10709.495,10730.954,11195.741,11682.801,11908.504,12716.658,13423.774,13884.951,15127.586,15640.295,16438.792,17313.005,16609.317,17909.952,19048.857,20177.602,21344.859,22533.005
Norway,14816.177,16418.068,17408.04,18754.598,20550.296,22305.8,23590.638,24455.669,25119.466,26297.943,27699.969,29353.034,30912.874,32353.149,34526.115,36533.827,38870.928,41436.588,42738.708,43904.565,46041.787,47830.136,48987.156,50068.82,53152.249,55850.872,58416.649,61131.15,61761.512,60454.765,60766.919,61827.823,65100.984,66742.128,65647.112,60189.92,58735.939,62782.105,64706.977,66214.05,64856.456,68239,71078.302,73607.325,75939.702,78374.81
Oman,8976.5,10620.573,12573.711,14067.716,15495.102,18306.786,17883.595,16559.345,18042.5,18236.557,22642.506,23951.408,25653.7,26943.965,27697.931,28831.729,29480.678,31163.809,31746.411,31732.737,33967.26,35657.414,35235.417,34356.413,35121.985,36438.92,38785.228,40742.086,43987.749,45441.655,46836.936,47273.442,47377.302,44205.131,42054.182,35413.263,32316.601,32762.536,33555.761,33748.976,29908.056,29511.936,32367.435,33060.528,33782.135,34394.951
Pakistan,873.965,986.853,1094.69,1180.86,1237.525,1350.851,1427.096,1507.329,1618.553,1718.712,1812.382,1927.074,2034.135,2072.092,2153.616,2253.406,2386.952,2410.969,2464.346,2545.026,2643.643,2681.756,2753.827,2865.86,3101.93,3419.28,3659.586,3895.752,4005.281,3965.602,4030.264,4176.486,4206.745,4299.915,4446.138,4593.127,4639.469,4817.915,5110.764,5203.809,5160.187,5229.925,5436.359,5678.789,5964.585,6269.231
Palau,no data,no data,no data,no data,no data,no data,no data,no data,no data,no data,no data,no data,no data,no data,no data,no data,no data,no data,no data,no data,8272.479,8869.486,9258.195,9049.933,9667.478,10281.031,10606.401,11208.397,11013.564,10639.313,10980.413,12003.101,12666.395,12820.4,13869.24,14452.743,14365.041,14324.473,15840.122,15915.597,14158.703,13267.934,14747.406,16635.07,17087.456,17594.377
Panama,3534.704,4124.86,4506.169,4370.132,4545.906,4812.663,4974.48,4898.633,4300.581,4445.196,4883.908,5408.16,5859.756,6194.823,6374,6487.402,6949.199,7374.977,7843.435,8100.263,8338.416,8398.809,8552.268,8904.258,9644.56,10461.022,11484.259,12983.902,14285.143,14321.935,15074.306,16845.131,18596.284,20727.237,22827.399,25275.182,27828.763,30518.965,31933.017,33003.92,30034.14,31299.501,32793.272,34369.575,36057.006,37843.951
Papua New Guinea,1075.147,1159.063,1212.992,1275.133,1279.976,1334.843,1409.084,1505.958,1557.919,1529.454,1472.285,1617.571,1745.361,1974.084,2170.593,2083.629,2203.404,2045.883,2111.623,2128.204,2070.207,2062.311,2041.817,2214.306,2233.485,2345.191,2420.381,2618.406,2601.108,2736.277,2891.206,2830.28,2863.108,2960.225,3351.445,3627.481,3737.081,3861.506,3840.534,4018.153,3860.87,3911.428,4011.657,4121.599,4228.298,4356.611
Paraguay,3536.689,4103.419,4171.144,4080.417,4220.341,4390.896,4352.945,4499.504,4780.45,5095.197,5503.661,5529.706,5636.644,5933.928,6255.274,6685.724,6776.986,7042.595,6984.178,6848.476,6702.743,6665.817,6646.877,6937.766,7285.237,7542.467,8009.098,8528.888,9099.769,9001.719,9964.549,10442.629,9960.81,11004.341,11326.622,11357.709,11895.418,12437.522,12978.188,13021.816,12502.68,13297.714,14019.086,14673.596,15358.986,16068.023
Peru,3109.699,3501.734,3617.097,3328.008,3496.668,3599.26,4024.054,4344.287,3985.451,3510.503,3386.86,3508.26,3500.035,3700.119,4166.806,4488.431,4617.169,4916.23,4870.595,4935.166,5102.673,5170.553,5461.588,5716.846,6081.862,6581.425,7202.817,7933.24,8727.365,8787.042,9532.699,10243.019,10555.061,11088.231,11323.908,11412.041,11953.461,12541.914,13213.224,13327.299,11516.126,12503.247,13229.994,13988.201,14666.624,15367.858
Philippines,1949.479,2152.619,2310.514,2385.872,2235.532,2086.115,2148.555,2240.61,2421.419,2610.251,2726.662,2742.59,2751.17,2809.561,2923.067,3046.777,3121.759,3262.34,3198.684,3281.742,3486.107,3593.668,3707.888,3889.398,4172.937,4429.693,4716.667,5065.744,5293.41,5317.642,5676.222,5919.231,6359.805,6687.843,7045.232,7278.232,7788.953,8199.054,8794.108,9356.442,8573.704,9271.067,9893.37,10562.993,11288.007,12070.292
Poland,4816.139,4702.321,4707.62,5093.536,5212.905,5543.868,5817.12,6067.189,6481.328,6985.222,6663.212,6389.267,6650.362,7078.572,7592.688,8273.487,8943.948,9735.365,10329.87,10951.143,11796.003,12202.984,12578.843,13277.087,14345.224,15315.477,16761.391,18437.819,19600.269,20295.899,21336.338,22850.965,23832.817,24704.753,25608.139,26842.719,28285.845,30154.226,32526.716,34483.873,33738.709,36099.102,38439.732,40620.872,42669.45,44610.705
Portugal,6067.632,6816.284,7348.945,7675.272,7839.174,8196.999,8631.774,9522.922,10396.007,11538.731,12939.555,13859.889,14630.852,14856.371,15358.166,15986.543,16786.626,17748.073,18715.976,19616.729,20674.674,21387.441,21773.752,21889.358,22825.953,23677.114,24745.319,25995.883,26547.829,25890.54,26635.018,26769.433,26438.145,27936.013,28742.318,29668.81,31604.416,33086.082,34829.767,36246.015,33131.178,36128.289,38614.952,40547.273,42252.778,43923.259
Puerto Rico,6933.771,7608.168,7765.207,8035.193,8852.181,9231.255,10085.114,10731.553,11707.59,12627.762,13459.223,14142.972,15023.084,15979.408,16878.162,17877.218,18476.421,19547.857,20874.236,21911.359,22961.31,25631.524,26567.889,27677.432,28981.388,29332.524,29920.698,30545.743,30745.384,30541.049,30925.377,31824.12,32582.631,33172.653,33682.717,34006.721,34300.2,34896.419,35043.197,36749.669,34998.315,36863.173,38329.248,39557.325,40680.99,41855.005
Qatar,85248.218,82781.118,74917.021,68788.72,77499.435,65829.393,66308.665,65780.767,68523.296,72172.18,54689.529,54689.243,61201.698,61792.007,63924.855,64710.062,67164.458,84474.262,90611.063,91750.144,96676.96,100185.809,105667.97,106752.377,119789.304,116805.029,130806.74,133290.015,118421.3,127921.268,145582.908,163740.318,169698.495,161194.263,143222.077,97846.548,84268.899,91742.827,93880.235,95107.743,91897.103,96102.689,101350.725,104986.63,109478.222,114094.871
Romania,4958.336,5400.675,5929.852,6505.479,7115.704,7300.311,7585.968,7791.404,7983.94,7787.584,7616.496,6866.576,6432.079,6721.879,7179.142,7899.764,8408.775,8078.914,7815.415,7874.409,8293.98,8928.833,9857.279,10354.868,11800.581,12818.772,14351.228,15897.404,18139.968,17434.701,17071.368,17861.932,18895.824,19761.342,20577.685,21566.479,24244.391,27219.977,29279.103,31218.017,30140.998,32218.084,34066.318,35990.364,38019.08,40125.308
Russian Federation,no data,no data,no data,no data,no data,no data,no data,no data,no data,no data,12659.148,12393.292,10817.155,10102.357,9008.826,8827.932,8677.816,8967.992,8597.489,9316.566,10523.631,11352.708,12136.523,13328.288,14723.632,16213.831,18113.849,20204.307,21679.803,20122.947,21269.608,22783.519,24278.86,26044.835,25730.597,24062.468,24104.118,25999.309,27317.202,28184.124,27393.844,28791.92,30014.304,31251.748,32551.967,33846.812
Rwanda,442.96,479.21,478.377,507.895,580.389,604.526,628.966,620.97,622.834,590.24,600.715,576.599,628.246,614.127,393.26,529.526,608.614,679.477,682.184,645.222,722.414,761.757,851.544,822.257,877.312,967.519,1120.75,1204.195,1209.182,1295.76,1347.446,1470.327,1502.859,1566.504,1727.467,1824.761,1919.611,2005.479,2174.509,2362.728,2392.559,2541.119,2729.63,2950.628,3149.139,3331.359
Saint Kitts and Nevis,3121.444,3527.609,3994.687,4086.914,4669.927,5162.048,5775.028,6460.792,7435.767,8231.076,9008.851,9483.414,9913.923,10574.696,11242.614,11732.266,12511.023,13511.881,13657.128,14237.752,15776.333,16750.85,17008.174,16408.207,17280.408,19295.593,20256.233,20684.486,22133.303,21166.306,21051.573,21647.972,20382.113,20969.604,22629.785,22562.678,23464.717,23818.758,24849.939,25749.434,21028.058,22977.293,24584.836,25941.795,26872.55,27852.289
Saint Lucia,2450.068,2780.897,2976.326,3176.837,3505.763,4009.18,4608.748,4839.284,5623.106,6258.101,7059.404,7225.144,7851.776,8029.753,8168.012,8321.162,8580.493,8517.11,9016.692,9284.149,9356.785,9124.751,9235.548,9717.395,10584.745,10744.177,11613.911,12016.676,12698.359,12986.072,13120.646,13904.224,13662.858,14023.77,14213.305,13930.352,14633.124,15253.744,15907.146,16367.924,13707.865,14926.3,15989.165,16922.803,17453.402,18009.148
Saint Vincent and the Grenadines,1724.901,1944.433,2100.699,2236.15,2421.871,2586.861,2762.507,2830.448,3296.226,3519.504,3797.327,3982.149,4362.947,4627.702,4672.543,5095.979,5245.499,5536.85,5850.209,6061.113,6309.956,6560.126,7053.433,7702.379,8201.936,8629.56,9532.129,10071.112,10419.248,10268.035,10029.316,10185.708,10339.712,10794.746,11204.618,11552.087,12383.753,12201.783,12752.27,13018.786,12267.612,12986.908,13675.564,14410.01,15072.926,15772.873
Samoa,no data,no data,no data,no data,no data,no data,no data,no data,no data,no data,no data,no data,no data,no data,no data,no data,no data,no data,2657.709,2667.096,2851.657,3112.789,3321.513,3538.066,3722.082,4067.207,4252.382,4359.617,4571.693,4549.737,4684.837,4941.773,4789.244,4811.557,4865.965,5087.994,5489.298,5599.506,5560.193,5808.636,5546.988,5534.194,5731.43,5909.854,6099.814,6298.654
San Marino,no data,no data,no data,no data,no data,no data,no data,no data,no data,no data,no data,no data,no data,no data,no data,no data,no data,no data,no data,no data,no data,no data,no data,no data,no data,no data,no data,74734.971,74942.003,67003.768,63043.514,58183.641,54797.229,53898.349,55875.218,56137.697,58102.788,59522.01,61666.901,63132.997,56689.548,61040.226,63757.274,65649.966,67075.763,68730.477
Saudi Arabia,44909.016,47724.574,38254.357,31781.197,29896.881,26495.612,30120.015,27444.394,30605.219,30136.981,34298.556,38836.565,38865.957,38497.922,38592.254,38538.938,39314.553,39465.115,40080.145,38191.234,40253.205,39664.268,38217.705,42263.644,45726.102,48144.647,49310.147,49875.879,52251.894,49875.945,51264.4,55917.991,57284.449,56015.961,56785.545,49637.135,46422.904,48014.574,49157.118,49216.192,46272.869,47804.838,49344.011,50507.69,51791.744,53134.909
Senegal,1011.798,1132.748,1261.464,1206.03,1259.013,1302.284,1329.276,1401.926,1399.723,1468.143,1469.691,1515.219,1526.928,1537.886,1526.962,1599.292,1619.835,1658.672,1735.068,1828.616,1884.201,1965.903,1961.686,2079.527,2204.702,2340.563,2407.339,2526.434,2609.137,2612.153,2662.686,2682.694,2764.784,2749.222,2830.699,2971.345,3075.934,3203.901,3393.202,3535.958,3462.819,3622.105,3800.082,4229.118,4532.369,4764.323
Serbia,no data,no data,no data,no data,no data,no data,no data,no data,no data,no data,no data,no data,no data,no data,no data,no data,no data,6144.454,6389.24,5714.866,6316.101,6788.547,7389.999,7880.013,8844.825,10076.648,10954.868,12022.205,13004.422,12796.823,13093.108,13742.301,13929.189,14624.104,14657.076,14922.097,15832.195,16599.408,17841.759,18971.851,18840.302,20392.971,22096.764,23605.857,25126.431,26754.225
Seychelles,4389.304,4562.489,4716.221,4876.631,5239.04,5912.942,6040.168,6221.481,6758.691,7699.977,8541.657,8954.243,9770.306,10510.939,10198.281,10309.926,11380.166,12836.476,13043.657,13217.522,13962.512,13932.474,14061.169,13469.666,13487.863,15091.503,16659.244,18792.733,18333.546,18197.219,18966.696,20947.836,21565.038,22369.391,23889.784,24138.251,25922.528,27643.69,29048.568,30429.91,26387.979,27856.869,29661.851,31378.042,33018.406,34689.312
Sierra Leone,783.607,852.925,902.822,902.229,945.258,891.643,890.89,914.679,946.185,1008.22,1046.73,989.026,914.185,940.412,998.534,918.509,702.07,585.439,580.883,531.596,549.134,639.499,786.269,835.952,875.873,908.461,944.762,1020.247,1070.52,1088.369,1134.085,1203.173,1405.478,1746.554,1787.656,1599.215,1678.271,1633.73,1694.222,1778.334,1710.85,1758.62,1826.266,1902.717,1983.46,2070.746
Singapore,9488.349,10969.161,11938.493,13293.562,14703.677,15053.666,15577.655,17422.598,19565.764,21750.435,23835.266,25552.027,27044.794,30088.209,33086.807,35129.53,36914.285,39332.069,37602.212,40007.606,43833.258,43136.354,45120.475,48756.577,54301.677,58717.055,63910.028,68628.442,67576.792,66148.973,75294.318,80052.391,82064.961,83001.788,84423.191,86974.748,89386.079,94940.971,100091.783,101458.096,95603.308,101408.889,104691.502,108143.147,111734.305,115445.206
Slovak Republic,no data,no data,no data,no data,no data,no data,no data,no data,no data,no data,no data,no data,no data,8244.356,8892.823,9739.535,10584.301,11306.745,11880.81,12026.792,12426.923,13161.099,13971.785,15025.248,16253.355,17866.94,19970.147,22726.892,24447.423,23262.424,24842.851,26078.494,26949.653,27980.462,29005.988,29937.686,29676.378,30929.573,32859.368,34202.353,32184.304,35118.009,37403.202,39461.307,41276.471,43063.333
Slovenia,no data,no data,no data,no data,no data,no data,no data,no data,no data,no data,no data,no data,11177.119,11821.413,12713.743,13510.717,14248.009,15250.704,15944.682,17094.223,18032.289,18998.122,19935.829,20896.57,22378.937,23938.48,26005.094,28467.954,30041.843,27681.646,28177.926,28968.844,29066.326,29990.161,30883.45,31646.795,33882.346,36659.547,39067.161,40716.545,38506.472,41384.018,43551.915,45580.949,47658.475,49708.491
Solomon Islands,967.828,1006.007,1016.185,1062.164,1068.306,1035.681,1024.013,1105.893,1127.397,1188.142,1225.022,1305.131,1462.37,1513.304,1624.12,1774.718,1785.594,1750.403,1744.149,1713.225,1461.354,1338.252,1286.872,1360.441,1452.804,1542.174,1626.643,1704.122,1796.536,1815.56,1951.451,2091.106,2125.131,2227.445,2240.948,2244.945,2350.033,2467.929,2570.281,2590.398,2442.086,2551.348,2640.622,2728.534,2804.775,2881.715
South Africa,4642.229,5219.223,5379.786,5347.49,5678.341,5651.858,5638.444,5774.309,6098.072,6350.02,6420.369,6413.043,6259.593,6328.125,6517.644,6717.54,7003.297,7191.656,7199.521,7365.841,7726.309,7965.564,8274.185,8592.776,9127.72,9794.835,10527.842,11240.975,11657.626,11394.215,11695.965,12143.167,12035.402,12436.191,12514.286,12547.663,12581.664,12681.715,12898.427,12961.702,11911.454,12351.454,12573.021,12799.793,13123.437,13487.683
"South Sudan, Republic of",no data,no data,no data,no data,no data,no data,no data,no data,no data,no data,no data,no data,no data,no data,no data,no data,no data,no data,no data,no data,no data,no data,no data,no data,no data,no data,no data,no data,no data,no data,no data,3100.981,1341.084,1577.529,1508.249,1361.585,1028.288,888.762,865.686,862.085,883.685,857.816,855.606,871.748,910.81,951.416
Spain,7827.613,8452.97,9038.043,9502.625,9972.946,10494.354,11041.108,11932.244,12978.272,14133.88,15200.204,16068.518,16519.928,16637.368,17342.609,18393.035,19139.038,20168.381,21232.421,22445.17,23904.637,25258.714,25939.783,26711.517,27848.439,29218.094,30844.618,32179.126,32558.746,31308.772,31593.848,31872.363,31724.63,32452.66,33544.355,34938.577,37350.761,39733.599,41608.067,43153.547,38143.189,41736.483,44185.087,46312.559,48315.673,49796.768
Sri Lanka,1051.413,1196.251,1320.017,1400.834,1532.509,1643.188,1730.897,1781.733,1875.523,1972.995,2151.33,2435.252,2385.333,2596.903,2838.61,3048.442,3458.117,3857.844,3817.598,3963.227,4366.493,4345.003,4543.098,4862.547,5222.616,5676.876,6250.565,6806.071,7301.517,7568.5,8219.98,9044.749,10315.18,10852.064,11260.65,11559.693,12224.216,12584.104,13173.483,13631.179,13113.611,14023.384,14889.536,15767.076,16714.342,17747.941
Sudan,1081.59,1222.107,1312.955,1306.813,1220.738,1217.412,1328.098,1409.426,1492.858,1534.453,1508.593,1620.095,1698.271,1734.888,1782.248,2051.714,2153.383,2275.468,2440.579,2529.742,2740.051,3026.593,3177.455,3347.852,3522.958,3748.03,4009.423,4242.932,4378.015,4180.604,4281.184,5197.992,3929.483,3934.82,4509.179,4488.449,4768.856,4420.187,4295.868,4140.286,3749.382,3763.408,3783.751,3856.321,3970.18,4124.5
Suriname,no data,no data,no data,no data,no data,no data,no data,no data,no data,no data,6529.874,5733.38,6021.034,5939.484,5575.021,6242.235,6984.707,7491.319,7650.317,7578.707,7648.103,8079.631,8413.239,9009.685,9751.066,10428.431,11234.879,11989.115,12555.09,12856.21,13496.582,14348.062,15773.417,16725.328,17091.745,15841.295,13939.971,16015.833,16626.76,16767.768,14605.037,14970.475,15352.733,15879.646,16469.551,16939.56
Sweden,10543.511,12057.661,12974.534,13755.052,14849.492,15646.433,16389.818,17282.681,18236.545,19299.776,20023.026,20345.248,20500.688,20477.566,21561.037,22824.722,23591.083,24726.017,26062.756,27539.914,29426.56,30417.638,31465.881,32663.061,34858.345,36823.079,39421.027,41554.569,41837.407,39962.773,42494.088,44450.32,45258.806,46098.791,46936.61,48857.878,50061.576,52413.085,54130.06,55264.967,52476.53,54953.055,57029.885,58890.811,60727.369,62654.007
Switzerland,17739.001,19631.787,20450.752,21256.392,22642.313,24106.008,24936.086,25805.975,27415.67,29503.854,31442.979,31845.277,32107.811,32518.838,33358.326,33995.818,34591.068,35910.307,37300.294,38313.59,40537.242,41761.477,42159.3,42633.786,44624.811,47142.665,50250.889,53362.366,54934.034,53353.363,54927.168,56493.25,58141.557,60504.295,62296.902,64275.496,66094.083,67401.85,70375.571,72008.017,68339.697,71493.157,73397.639,74891.303,76858.561,78444.652
Syria,2075.051,2381.478,2510.25,2564.928,2404.721,2573.663,2420.452,2428.937,2741.983,2589.827,2866.401,3185.718,3585.366,3834.047,4023.585,4221.128,4318.621,4243.068,4422.983,4241.734,4323.169,4459.072,4665.36,4522.013,4814.171,5104.52,5390.543,5707.769,5931.986,6177.252,6373.364,no data,no data,no data,no data,no data,no data,no data,no data,no data,no data,no data,no data,no data,no data,no data
São Tomé and Príncipe,1560.944,1502.02,1608.716,1569.744,1490.65,1637.109,1531.321,1481.386,1521.068,1583.604,1562.774,1589.424,1589.986,1626.413,1666.117,1702.985,1727.742,1742.637,1773.657,1811.307,1827.351,1880.484,1919.572,2041.236,2127.648,2292.215,2508.855,2585.445,2789.856,2811.979,2965.186,3089.646,3041.828,3409.17,3911.894,3904.929,3952.145,3975.025,4093.379,4141.425,3836.831,3948.678,4165.253,4336.065,4520.413,4716.774
Taiwan Province of China,3449.993,3971.617,4343.042,4848.411,5447.375,5815.221,6549.008,7483.861,8273.238,9253.729,10010.454,11104.099,12184.608,13200.877,14369.471,15492.797,16620.204,17750.631,18546.749,19932.275,21485.331,21524.269,22945.313,24268.481,26554.947,28753.161,31187.41,34097.183,34918.472,34493.29,38400.049,40532.641,41741.269,43435.454,45494.282,46910.952,47272.281,48500.845,50990.469,53274.545,54019.882,56959.286,59180.951,61482.925,63909.179,66459.4
Tajikistan,no data,no data,no data,no data,no data,no data,no data,no data,no data,no data,no data,no data,1464.419,1323.864,1056.454,933.671,898.517,915.628,955.947,976.626,1063.703,1176.909,1279.933,1408.458,1567.291,1688.829,1822.807,1974.94,2125.645,2176.815,2293.511,2458.602,2708.847,3004.451,3303.956,2958.106,3071.444,3070.049,3304.41,3543.752,3559.522,3784.006,3951.251,4109.772,4281.161,4463.981
Tanzania,580.725,619.387,641.387,661.662,687.643,719.66,759.349,799.829,838.918,877.473,943.82,963.363,957.82,959.39,963.933,989.839,1026.239,1054.81,1081.852,1123.909,1176.318,1241.361,1315.042,1392.183,1498.608,1612.975,1690.937,1830.896,1916.213,1977.12,2066.294,2210.068,2099.43,2194.768,2243.354,2348.069,2478.806,2527.809,2687.359,2840.653,2850.627,2931.099,3074.209,3235.61,3413.124,3604.663
Thailand,1577.873,1793.203,1968.06,2119.772,2280.9,2418.18,2556.536,2817.776,3247.846,3726.951,4255.84,4713.293,5212.954,5747.051,6281.291,6864.723,7304.124,7140.412,6589.589,6910.33,7302.909,7648.853,8179.41,8863.751,9608.545,10256.306,11024.838,11869.685,12244.806,12191.408,13195.364,13519.129,14870.976,15407.665,15480.207,15822.351,16618.767,17420.575,18520.778,19240.679,18072.851,19169.776,20339.948,21560.839,22888.297,24172.05
Timor-Leste,no data,no data,no data,no data,no data,no data,no data,no data,no data,no data,no data,no data,no data,no data,no data,no data,no data,no data,no data,no data,1250.084,1467.231,1371.047,1345.12,1363.758,1422.484,1377.757,1526.403,1692.888,1823.7,1964.525,2084.586,2320.057,2483.186,2721.052,2916.843,3140.871,3165.802,3153.835,3245.295,4031.491,3378.427,3373.315,3444.928,3450.588,3543.613
Togo,739.967,756.911,746.53,708.7,749.269,774.061,788.708,763.463,844.683,888.677,951.538,955.464,926.027,776.898,883.928,1053.158,1001.886,1025.579,981.598,989.413,972.456,974.622,1001.331,1061.184,1052.025,1007.658,1037.699,1025.044,1058.283,1095.263,1144.331,1210.142,1227.156,1275.325,1328.447,1397.333,1448.48,1511.038,1584.071,1656.782,1639.574,1684.364,1748.188,1823.708,1913.426,2008.442
Tonga,723.901,898.467,1070.336,1164.313,1720.114,1883.754,2101.847,2184.737,2171.755,2270.382,2453.795,2670.408,2614.428,2661.378,2779.561,3052.656,3100.973,3129.164,3224.052,3331.947,3520.181,3634.906,3842.544,3899.997,3913.343,4001.925,4016.015,4004.28,4265.579,4064.636,4134.864,4488.443,4610.652,4730.994,4941.729,5073.825,5519.317,5813.762,5978.842,6137.823,6074.052,5995.636,6355.373,6673.538,6976.635,7251.172
Trinidad and Tobago,6982.488,7867.894,8531.786,7826.559,7530.077,7351.412,7173.281,6949.895,6857.744,7016.735,7339.191,7772.724,8698.625,8795.918,9260.103,9777.899,10638.926,11615.377,12681.708,13872.709,15122.942,15969.785,17306.709,19975.139,21904.241,23800.247,27867.754,29699.578,31129.413,29707.562,30924.83,31320.799,30063.331,30059.712,29698.576,27510.33,26270.111,26447.818,26904.036,27283.072,25964.394,27088.421,28567.685,29455.767,30315.58,31214.745
Tunisia,2134.38,2397.777,2473.426,2627.948,2845.768,3003.09,2906.013,3110.905,3168.98,3318.386,3575.643,3765.003,4069.51,4180.84,4340.184,4471.004,4790.29,5081.542,5328.338,5668.255,5984.619,6291.931,6424.388,6799.459,7360.223,7788.092,8367.001,9077.478,9544.935,9802.572,10151.055,10049.582,10179.904,10174.497,10370.413,10123.891,10269.109,10514.538,10938.817,11124.975,10381.675,10924.385,11333.673,11768.448,12252.627,12767.561
Turkey,3521.403,3932.279,4221.118,4492.821,4864.977,5123.97,5479.042,6059.984,6289.496,6436.55,7169.707,7355.5,7843.087,8535.776,8112.94,8742.058,9382.248,10110.67,10391.822,10049.431,10831.688,10293.826,10997.018,11708.294,13041.567,14476.046,15751.504,16784.381,17025.722,16093.163,17374.442,19459.771,20504.429,22221.39,23945.523,25691.067,26513.617,28242.491,29343.147,29723.533,28293.602,30003.972,31393.239,32708.5,34128.635,35623.146
Turkmenistan,no data,no data,no data,no data,no data,no data,no data,no data,no data,no data,no data,no data,3010.623,2746.03,2260.787,2094.692,1952.977,1734.405,1846.191,2155.3,2582.858,3142.568,3656.756,4316.496,5031.096,5801.361,6558.176,7391.793,8542.566,9022.912,9808.91,11295.001,12057.36,12739.415,13491.202,13690.579,13915.342,14324.562,15409.052,16432.28,16711.01,17697.832,18676.113,19731.738,20887.015,22134.892
Tuvalu,no data,no data,no data,no data,no data,no data,no data,no data,no data,no data,no data,no data,no data,no data,no data,no data,no data,no data,no data,no data,no data,no data,2617.416,2550.311,2542.239,2481.429,2596.903,2799.769,3017.777,2877.968,2779.014,3010.292,2911.279,3075.148,3156.638,3467.305,3695.453,3922.802,4147.929,4457.912,4480.017,4697.375,4934.37,5163.1,5396.908,5644.526
Uganda,526.047,580.338,647.005,683.959,665.808,644.285,640.487,658.189,711.161,758.053,808.093,821.106,861.026,909.408,968.414,1046.094,1098.954,1133.086,1178.687,1250.296,1285.592,1384.117,1456.681,1520.3,1596.284,1751.815,1868.086,2003.306,2178.552,2294.273,2415.284,2569.511,2372.961,2395.126,2440.641,2377.324,2344.357,2370.758,2500.481,2646.423,2585.22,2691.627,2806.004,2941.176,3130.651,3386.825
Ukraine,no data,no data,no data,no data,no data,no data,no data,no data,no data,no data,no data,6955.574,6389.757,5629.126,4468.587,4039.251,3736.714,3718.584,3720.912,3800.057,4152.378,4657.324,5025.273,5649.869,6533.649,6998.2,7805.286,8723.528,9134.108,7844.84,8295.048,8959.21,9388.766,10749.363,10804.267,10224.946,11215.911,11942.821,12716.261,13442.094,12710.373,13434.472,14167.767,14974.917,15904.307,16931.192
United Arab Emirates,89172.415,96814.27,89698.563,85398.677,85363.264,81488.101,64314.662,66624.881,56283.535,65144.869,84231.505,85091.838,85999.365,84969.603,87031.56,87593.407,92729.904,96959.601,89969.145,88478.97,102897.997,100720.886,99152.131,103642.765,110114.081,109065.159,101096.241,86373.974,70007.302,65822.304,67123.379,71140.346,72048.758,71676.418,72926.149,62748.473,60756.115,62864.043,63320.393,63589.803,58466.007,58767.347,59315.664,60099.837,60956.526,61855.003
United Kingdom,8808.318,9560.967,10366.551,11222.362,11871.548,12722.256,13356.538,14394.514,15725.386,16715.893,17419.588,17747.76,18178.842,19030.264,20132.515,21015.758,21881.363,23057.263,24100.123,25196.204,26553.454,27835.613,28809.967,30171.601,31553.8,33313.917,35039.008,36559.151,36861.857,35315.501,36133.941,37146.191,38309.011,39984.883,41269.379,42522.185,44138.022,45987.961,47439.031,48727.407,44287.92,47692.676,49831.893,51440.033,53102.269,54779.896
United States,12552.943,13948.701,14404.994,15513.679,17086.441,18199.32,19034.766,20000.968,21375.999,22814.077,23847.977,24302.776,25392.931,26364.192,27674.021,28671.48,29946.973,31440.087,32833.666,34494.539,36317.741,37101.103,37971.28,39411.546,41629.858,44025.56,46213.508,47869.24,48283.413,47007.674,48403.297,49829.055,51563.133,53071.818,55024.658,56848.51,58017.227,60105.846,63055.979,65253.518,63051.398,66144.141,69004.241,71537.726,73974.361,76474.998
Uruguay,4255.502,4714.225,4508.753,4502.62,4584.81,4769.291,5266.441,5792.269,6048.695,6320.13,6540.022,6959.99,7637.407,7978.265,8659.993,8659.464,9252.423,9774.173,10225.853,9994.955,9996.356,9855.2,9318.597,9736.623,10453.205,11474.802,12285.904,13438.08,14663.908,15334.214,16631.742,17772.307,17940.182,18848.012,19783.806,19896.599,20336.683,20979.573,21751.754,22109.994,21338.177,22669.628,23570.649,24589.287,25629.505,26675.94
Uzbekistan,no data,no data,no data,no data,no data,no data,no data,no data,no data,no data,no data,no data,2181.552,2132.671,2025.103,2012.176,2100.315,2178.264,2262.989,2360.095,2514.286,2642.233,2757.755,2891.017,3153.875,3437.78,3765.291,4178.008,4572.565,4897.2,5226.784,5529.789,5755.175,5991.868,6212.003,6399.665,6508.637,6573.216,6981.101,7366.007,7378.011,7785.703,8275.53,8757.548,9276.739,9831.039
Vanuatu,955.039,1054.458,1104.65,1154.307,1270.173,1274.442,1260.809,1236.804,1223.999,1282.646,1466.209,1532.437,1576.548,1594.718,1698.247,1706.903,1733.558,1803.102,1798.087,1784.415,1889.202,1823.358,1716.678,1781.811,1859.965,1974.237,2156.566,2276.699,2415.103,2460.956,2469.946,2494.999,2529.299,2565.354,2612.944,2582.706,2662.014,2768.196,2847.563,2919.697,2649.042,2754.295,2841.53,2915.286,2990.994,3064.07
Venezuela,7956.187,8341.263,8828.539,8043.06,8529.152,8634.399,9231.814,9671.582,10403.977,9084.966,9710.368,10756.297,11399.866,11439.07,11158.041,11587.44,11528.285,12222.319,12153.175,11365.28,11651.864,12108.685,11029.012,10196.799,12190.675,13651.344,15215.193,16733.324,17689.34,16997.267,16690.798,17493.729,18562.11,18871.023,18214.898,17011.283,14217.124,12323.369,10683.193,7344.079,no data,no data,no data,no data,no data,no data
Vietnam,538.768,611.182,688.273,751.699,828.368,885.358,914.961,940.191,1003.656,1102.248,1152.485,1237.696,1351.758,1469.918,1606.702,1767.667,1936.918,2097.948,2209.687,2313.631,2492.097,2686.008,2883.519,3123.29,3425.529,3763.925,4109.951,4478.802,4778.339,5025.205,5356.464,5759.881,6329.497,6688.708,7202.97,7555.88,8232.256,8996.385,9766.64,10537.559,10754.526,11619.439,12590.541,13625.816,14723.707,15879.356
West Bank and Gaza,no data,no data,no data,no data,no data,no data,no data,no data,no data,no data,no data,no data,no data,no data,2145.466,2189.252,2129.815,2348.297,2631.462,2802.043,2541.422,2291.443,1982.219,2239.99,2728.15,3040.868,3012.479,3118.062,3324.042,3543.246,3696.132,4034.015,4718.759,4821.014,5186.955,5610.047,5943.741,6020.972,6086.052,6099.348,5316.357,5742.225,5998.879,6091.161,6190.991,6298.104
Yemen,no data,no data,no data,no data,no data,no data,no data,no data,no data,no data,2004.327,2102.659,2216.871,2248.735,2341.706,2423.6,2488.057,2574.774,2674.366,2730.095,2873.369,2954.291,3023.016,3095.952,3203.662,3380.85,3485.983,3588.359,3678.038,3734.09,3950.062,3417.319,3300.97,3479.196,3433.884,2423.415,2154.623,2025.071,2032.389,2056.586,1931.129,1935.28,1971.632,2093.597,2220.782,2355.552
Zambia,1322.897,1494.898,1493.099,1487.152,1469.162,1489.281,1500.053,1514.693,1663.298,1615.745,1615.72,1609.931,1631.767,1622.098,1393.797,1426.915,1503.119,1544.762,1514.251,1564.666,1618.649,1697.827,1757.262,1866.288,1998.828,2151.861,2326.907,2516.438,2685.546,2869.537,3107.83,3249.598,3348.124,3503.855,3467.109,3360.018,3332.669,3407.306,3520.627,3526.409,3302.299,3294.786,3289.406,3291.167,3296.997,3303.826
Zimbabwe,no data,no data,no data,no data,no data,no data,no data,no data,no data,no data,no data,no data,no data,no data,no data,no data,no data,no data,2443.675,2458.117,2413.122,2461.169,2313.644,1972.851,1884.358,1783.797,1745.864,1727.484,1463.897,1569.906,1883.864,2175.204,2385.755,2545.64,2576.281,2642.32,2700.819,2965.868,3099.315,2896.127,2583.008,2696.063,2754.51,2803.416,2862.697,2926.773
Africa (Region),1811.709,1912.066,2028.89,2076.469,2147.838,2212.802,2227.741,2236.951,2333.246,2436.981,2383.503,2444.338,2431.198,2439.046,2482.33,2535.174,2643.564,2708.1,2773.43,2831.185,2929.714,3042.178,3154.26,3283.676,3470.801,3693.328,3926.168,4172.149,4317.641,4374.219,4560.614,4600.233,4725.878,4794.03,4857.825,4863.014,4842.612,4888.116,5053.136,5177.841,4952.356,5109.969,5299.944,5492.937,5693.809,5908.682
Asia and Pacific,1163.296,1315.089,1427.037,1534.672,1660.73,1782.74,1880.715,2014.652,2207.182,2375.044,2556.357,2725.385,2909.235,3078.358,3261.781,3489.578,3726.666,3911.378,3901.302,4077.1,4348.723,4546.67,4768.421,5088.031,5521.39,6033.874,6618.216,7292.488,7711.038,7990.83,8663.158,9301.947,9951.041,10473.858,10859.505,11190.339,11584.062,12132.439,12950.757,13637.381,13375.919,14465.228,15391.667,16366.418,17405.005,18501.292
Australia and New Zealand,10225.07,11472.131,12057.895,12327.251,13430.144,14327.301,14753.351,15574.289,16453.046,17564.442,18239.083,18370.357,19030.904,20074.198,21333.135,22154.473,23197.8,24374.928,25415.656,26654.286,27814.842,28811.161,30148.152,31240.488,33028.584,34618.449,36093.918,38022.894,38873.49,39168.114,40000.734,41350.489,41266.8,44736.467,45419.728,44903.97,46749.424,48402.233,50158.235,51283.373,49253.209,51568.531,53395.61,55002.24,56677.597,58376.377
Caribbean,2547.104,2802.396,2955.523,2956.819,3017.68,3062.301,3150.021,3249.628,3301.318,3441.859,3673.596,3753.014,3880.88,3918.122,3931.769,4273.294,4466.973,4638.903,4765.795,4951.919,5160.19,5278.727,5434.521,5760.683,6025.97,6339.711,6890.59,7223.296,7380.781,7142.806,7179.973,7371.974,7328.186,7462.36,7510.952,7338.307,7310.249,7522.617,7752.937,7872.989,7393.327,7774.195,8342.823,8839.898,9108.603,9360.758
Central America,2483.089,2685.578,2731.593,2782.301,2883.618,2920.487,2972.215,3113.388,3182.52,3350.632,3449.013,3593.435,3872.708,4101.09,4004.018,4178.081,4323.83,4549.798,4749.329,4912.365,5113.097,5234.579,5396.98,5507.043,5762.059,6158.141,6676.821,7214.726,7552.281,7478.672,7823.254,8242.791,8535.032,8959.366,9573.366,10306.063,10995.695,11549.031,12102.437,12532.617,11807.556,12328.401,12878.993,13440.939,14032.331,14661.894
Central Asia and the Caucasus,3521.403,3932.279,4221.118,4492.821,4864.977,5123.97,5479.042,6059.984,6289.496,6436.55,7169.707,7355.5,5531.807,5676.688,5359.149,5597,5964.126,6387.983,6575.534,6510.129,7074.793,7041.401,6648.943,7123.487,7888.439,8790.65,9705.042,10531.774,10860.739,10610.134,11372.165,12439.307,13160.027,14204.749,14997.853,15423.414,15782.905,16588.894,17278.094,17685.709,16939.404,17843.231,18651.93,19473.232,20279.549,21126.203
East Asia,1311.84,1484.811,1627.456,1768.033,1945.997,2123.394,2257.862,2452.264,2713.128,2918.966,3138.863,3392.717,3618.5,3843.926,4118.455,4426.635,4738.229,5008.817,5128.623,5390.912,5803.217,6135.054,6515.237,6981.354,7608.345,8353.747,9245.883,10317.19,11043.149,11525.491,12612.921,13649.73,14659.538,15523.192,16129.549,16701.095,17160.509,17924.367,19222.095,20414.427,20693.207,22517.184,23983.059,25535.071,27199.638,28954.19
Eastern Europe ,5028.798,5302.365,5610.602,6038.032,6392.868,6664.769,6978.164,7295.863,7644.407,7929.457,7666.133,7108.446,8680.201,8255.226,7676.029,7906.484,7930.184,8162.334,8154.387,8601.962,9462.342,10154.164,10822.399,11748.221,12968.789,14192.013,15765.346,17465.647,18704.861,17676.671,18508.926,19752.413,20812.417,22192.944,22526.258,22048.953,22806.607,24546.284,26050.476,27222.033,26359.25,27969.366,29444.902,30907.615,32392.872,33880.998
Europe,9316.089,10155.283,10825.58,11442.727,12129.917,12798.73,13378.874,14070.866,15098.224,16158.424,17050.552,17700.543,15294.91,15248.917,15533.91,16024.255,16437.628,17039.691,17596.461,18420.941,19678.886,20669.361,21382.261,22244.253,23609.321,25002.505,26814.501,28601.615,29534.46,28253.917,29248.333,30512.067,31294.089,32662.837,33417.533,33851.281,35531.98,37593.262,39327.705,40663.863,38209.631,40866.308,42868.046,44651.994,46390.986,48095.85
Middle East (Region),12868.805,13434.254,12633.763,12387.262,11977.408,11479.302,11350.307,11294.17,11417.509,11851.573,12190.693,13341.012,14002.315,14256.458,14214.94,14467.088,14980.431,15265.63,15520.686,15322.746,16384.414,16451.653,16798.939,16454.196,18045.786,19067.161,20195.759,21095.515,21746.768,21388.073,22248.351,25423.68,25473.605,25207.198,24691.307,21189.147,20572.04,21567.917,21672.461,21560.132,20038.569,20637.799,21282.785,21882.737,22454.857,23043.086
North Africa,3743.953,3775.616,4103.282,4277.91,4436.171,4668.079,4629.234,4566.565,4749.744,5022.993,5301.432,5587.43,5606.541,5582.647,5757.682,5762.624,6058.369,6214.071,6517.573,6754.365,7069.415,7325.174,7553.38,8012.998,8454.445,9060.834,9666.68,10309.587,10516.624,10696.154,11069.69,10532.502,11411.814,11167.825,10672.879,10800.29,10593.136,10513.299,11040.555,11460.87,11028.162,11536.395,12149.127,12663.1,13175.689,13741.813
North America,11061.057,12341.746,12709.731,13495.294,14744.685,15632.72,16183.346,16936.753,18006.906,19152.572,20017.296,20437.172,21294.498,22090.082,23193.277,23787.98,24852.448,26131.29,27284.803,28601.559,30138.353,30755.09,31421.811,32512.544,34287.404,36157.095,37951.091,39282.232,39646.935,38420.675,39592.163,40812.206,42147.279,43322.232,44872.72,46036.643,47178.93,48820.447,51023.674,52536.556,50291.206,52753.371,54910.74,56822.287,58661.453,60552.882
Pacific Islands ,1307.189,1432.703,1489.353,1527.482,1601.69,1627.613,1720.338,1769.872,1838.24,1905.774,1917.957,2026.255,2157.48,2354.606,2550.611,2519.372,2647.07,2509.578,2568.455,2639.547,2582.794,2592.766,2602.603,2750.908,2827.709,2930.473,3028.382,3189.017,3203.934,3286.29,3425.417,3410.744,3469.945,3609.713,3998.043,4301.648,4415.162,4583.577,4625.42,4762.404,4371.469,4531.385,4714.025,4872.262,5019.673,5165.091
South America,4603.203,4799.902,4962.788,4899.53,5188.249,5453.433,5845.171,6099.946,6255.501,6343.78,6325.118,6659.698,6882.372,7237.647,7619.056,7931.783,8110.926,8512.26,8579.48,8459.425,8784.543,8928.364,8949.814,9179.177,9979.683,10684.784,11492.316,12449.69,13172.841,12985.567,13837.92,14664.377,14919.352,15491.622,15603.368,15047.685,14767.349,15306.443,15589.001,15611.694,14395.26,15121.863,15696.195,16294.203,16903.731,17520.825
South Asia,566.614,641.934,692.657,750.321,789.957,841.155,880.087,917.637,1006.872,1080.459,1155.254,1195.725,1261.407,1320.53,1404.009,1502.421,1610.557,1671.422,1748.68,1871.039,1958.02,2050.138,2125.713,2283.631,2482.425,2743.651,3022.736,3331.282,3480.171,3702.905,4028.004,4314.718,4648.357,4836.569,5020.992,5240.139,5568.644,5896.336,6335.166,6644.279,6093.383,6654.208,7196.617,7771.636,8391.381,9054.709
Southeast Asia,1448.146,1652.786,1788.22,1904.578,2021.656,2107.409,2210.181,2319.905,2549.725,2832.607,3105.182,3381.359,3622.877,3924.715,4240.803,4591.814,4924.587,5127.587,4358.919,4498.6,4804.503,4994.256,5255.907,5586.96,6025.332,6482.546,6990.653,7557.862,7996.402,8142.394,8729.22,9219.234,9904.7,10265.952,10582.608,10706.995,11137.194,11707.67,12485.43,13166.338,12760.889,13699.124,14568.814,15487.512,16463.756,17488.975
Sub-Saharan Africa (Region) ,1210.246,1331.31,1382.776,1392.019,1439.265,1453.466,1486.614,1521.707,1592.147,1648.417,1702.136,1716.72,1704.841,1722.147,1740.597,1806.52,1878.301,1927.776,1962.763,1988.492,2051.456,2142.05,2240.814,2316.205,2464.27,2622.24,2791.262,2971.146,3113.077,3154.458,3313.889,3475.28,3465.588,3599.715,3774.283,3762.556,3783.723,3847.394,3954.186,4032.987,3852.83,3954.76,4077.485,4222.487,4377.906,4541.346
Western Europe,10257.492,11223.871,11978.777,12645.832,13412.635,14174.629,14817.918,15596.805,16774.48,18003.437,19149.604,20054.806,20670.417,21029.422,21992.907,22953.042,23743.122,24797.138,25803.82,26900.646,28442.015,29610.306,30263.035,30985.843,32393.389,33834.785,35764.777,37548.675,38160.115,36629.802,37702.555,38930.099,39459.882,40788.257,41829.638,42919.35,45258.062,47516.959,49376.136,50796.238,47108.311,50517.565,52872.114,54851.985,56733.512,58552.408
Western Hemisphere (Region),7968.645,8733.293,8983.906,9362.531,10129.839,10695.604,11131.067,11619.987,12229.684,12856.226,13264.209,13614.825,14153.917,14711.143,15354.819,15787.587,16378.225,17197.726,17808.053,18421.19,19330.679,19691.872,20031.596,20672.942,21906.373,23157.639,24428.149,25529.939,26031.036,25316.577,26265.58,27234.146,28007.982,28843.755,29683.147,30046.29,30522.232,31592.289,32847.112,33618.337,31914.03,33463.423,34808.376,36034.992,37221.725,38432.419
ASEAN-5,1395.063,1588.554,1716.24,1824.094,1931.54,1982.793,2086.355,2225.882,2447.154,2721.222,2985.62,3256.065,3491.57,3780.477,4081.606,4426.013,4751.345,4937.95,4502.607,4632.808,4939.94,5140.597,5407.311,5740.772,6162.373,6605.119,7088.165,7635.767,8094.617,8250.616,8804.6,9279.914,9985.195,10355.638,10671.171,10783.019,11245.776,11818.216,12613.976,13330.067,12910.428,13875.282,14779.871,15733.373,16745.22,17805.868
Advanced economies,10180.153,11275.439,11912.951,12691.708,13704.672,14577.485,15269.538,16144.257,17398.449,18663.892,19782.46,20580.221,21280.414,21796.5,22850.252,23679.356,24687.763,25822.292,26682.387,27876.45,29472.63,30411.789,31211.526,32242.666,33981.57,35802.704,37780.412,39575.954,40161.673,38895.393,40345.44,41671.316,42742.471,44272.091,45536.687,46830.25,48347.165,50337.946,52492.857,54127.807,51475.713,54523.803,56958.55,59116.109,61191.243,63255.812
Emerging and Developing Asia,556.787,633.203,692.582,755.635,824.195,892.876,948.733,1019.517,1132.536,1227.879,1325.301,1429.154,1563.245,1715.795,1884.763,2063.303,2242.59,2384.039,2403.349,2560.273,2751.649,2943.444,3149.619,3433.225,3779.345,4208.755,4719.061,5328.16,5765.524,6183.595,6787.811,7397.615,8053.944,8501.68,8870.27,9147.266,9571.202,10090.533,10900.028,11609.231,11451.25,12545.441,13471.333,14456.822,15515.825,16642.228
Emerging and Developing Europe,4484.903,4802.891,5098.736,5463.626,5819.064,6080.307,6403.995,6818.026,7115.171,7340.494,7468.716,7207.718,8553.652,8305.034,7715.69,7830.761,7908.697,8203.817,8219.352,8543.045,9378.583,9843.558,10505.1,11374.451,12594.81,13806.281,15274.386,16795.009,17846.636,16888.568,17795.692,19194.953,20267.575,21709.771,22262.561,22161.314,22887.573,24584.291,25968.535,26942.641,26025.287,27583.149,28979.935,30352.049,31779.206,33228.749
Emerging market and developing economies,1598.003,1734.415,1807.179,1864.303,1960.556,2044.723,2123.859,2210.876,2334.267,2453.576,2567.189,2708.58,3186.441,3289.76,3385.259,3524.844,3703.158,3879.521,3908.829,4031.282,4295.427,4478.894,4667.806,4990.089,5443.08,5927.068,6496.679,7123.319,7557.851,7698.334,8245.531,8825.927,9327.59,9725.58,9988.381,9968.178,10218.115,10697.206,11302.771,11770.846,11377.231,12182.74,12878.219,13603.277,14367.731,15170.59
European Union,9240.934,10071.195,10719.079,11294.613,11968.987,12591.568,13155.546,13796.705,14782.379,15842.136,16749.824,17449.177,17728.004,17814.729,18647.064,19313.87,20026.201,20875.488,21717.099,22631.191,24001.256,25047.415,25708.539,26391.81,27750.837,29100.659,30982.673,32767.903,33605.32,32337.115,33349.607,34627.803,35094.79,36280.899,37300.828,38438.752,40807.158,43118.531,45097.02,46639.81,43615.877,46790.105,49146.52,51225.347,53177.449,55059.22
Latin America and the Caribbean,4651.06,5000.543,5166.64,5099.187,5376.708,5612.032,5842.484,6064.188,6220.896,6393.21,6506.319,6852.163,7105.339,7433.591,7760.382,7876.129,8151.872,8595.807,8766.796,8765.596,9148.593,9268.472,9304.814,9529.114,10242.426,10877.958,11665.964,12483.406,13061.234,12729.988,13486.605,14227.847,14553.614,15026.125,15295.674,15031.493,15109.623,15631.071,16020.597,16095.94,14834.721,15564.705,16141.774,16735.339,17339.501,17959.715
Major advanced economies (G7),11006.029,12205.404,12870.687,13743.175,14871.895,15838.529,16562.816,17470.33,18823.254,20158.526,21309.207,22095.896,22902.644,23533.212,24599.173,25581.039,26601.15,27736.861,28688.375,29857.077,31470.906,32381.393,33094.806,34148.429,35874.126,37713.73,39645.992,41291.298,41786.757,40355.812,41776.862,43114.705,44335.194,45872.178,47203.557,48438.013,49847.414,51772.178,53912.232,55555.966,52834.693,55896.157,58355.387,60485.933,62526.082,64581.502
Middle East and Central Asia,5135.306,5355.679,5294.202,5326.006,5284.581,5266.276,5262.349,5251.315,5393.97,5652.444,6051.12,6546.583,6285.814,6307.665,6372.736,6479.827,6755.528,6909.792,7099.508,7157.686,7608.807,7781.567,7749.069,8236.115,8957.712,9603.402,10294.151,10919.395,11262.309,11213.558,11645.207,12347.75,12592.44,12565.181,12413.084,11348.654,11137.19,11471.584,11750.868,11886.645,11277.013,11636.119,12078.655,12506.908,12925.446,13371.757
Other advanced economies,6753.088,7594.217,8120.344,8654.484,9451.154,10071.163,10729.277,11576.027,12485.048,13428.199,14359.966,15182.175,15953.757,16824.839,18044.162,18802.531,19865.691,20962.64,21208.463,22521.943,24158.907,25044.248,26264.914,27330.767,29352.32,31332.956,33562.981,35947.288,36903.994,36529.504,38808.929,40620.972,41569.769,43301.627,44430.734,45615.896,47097.574,49028.815,51201.275,52689.885,50966.681,53690.641,56009.339,58259.263,60501.089,62766.183
Sub-Saharan Africa,1219.338,1339.044,1387.722,1398.044,1454.965,1470.35,1497.937,1529.717,1599.167,1656.442,1708.445,1715.859,1698.71,1714.618,1732.071,1786.697,1856.803,1903.565,1932.534,1954.409,2011.145,2092.493,2189.265,2259.692,2406.645,2560.97,2722.512,2900.933,3043.964,3097.746,3260.646,3403.053,3441.18,3579.664,3740.24,3728.749,3736.804,3815.907,3931.939,4019.389,3848.264,3953.614,4080.104,4227.217,4383.626,4546.891
,,,,,,,,,,,,,,,,,,,,,,,,,,,,,,,,,,,,,,,,,,,,,,
"©IMF, 2020",,,,,,,,,,,,,,,,,,,,,,,,,,,,,,,,,,,,,,,,,,,,,,